insert into empleados_17_2 (empleado_id, nombre_completo, puesto, salario, fecha_contratacion) values (1, 'Tito Arr', 'Engineering', 5514, '2023-06-07');
insert into empleados_17_2 (empleado_id, nombre_completo, puesto, salario, fecha_contratacion) values (2, 'Modestia Sainter', 'Product Management', 8748, '2023-08-25');
insert into empleados_17_2 (empleado_id, nombre_completo, puesto, salario, fecha_contratacion) values (3, 'Harmony Sealey', 'Engineering', 4230, '2023-03-08');
insert into empleados_17_2 (empleado_id, nombre_completo, puesto, salario, fecha_contratacion) values (4, 'Padraig Tinton', 'Business Development', 447, '2024-09-05');
insert into empleados_17_2 (empleado_id, nombre_completo, puesto, salario, fecha_contratacion) values (5, 'Trumaine Children', 'Product Management', 3543, '2023-07-10');
insert into empleados_17_2 (empleado_id, nombre_completo, puesto, salario, fecha_contratacion) values (6, 'Hagan Faltin', 'Legal', 4343, '2024-06-08');
insert into empleados_17_2 (empleado_id, nombre_completo, puesto, salario, fecha_contratacion) values (7, 'Bessy Kenna', 'Human Resources', 3797, '2024-05-16');
insert into empleados_17_2 (empleado_id, nombre_completo, puesto, salario, fecha_contratacion) values (8, 'Galen Bullers', 'Services', 8842, '2023-09-05');
insert into empleados_17_2 (empleado_id, nombre_completo, puesto, salario, fecha_contratacion) values (9, 'Adi Patman', 'Accounting', 6201, '2024-05-31');
insert into empleados_17_2 (empleado_id, nombre_completo, puesto, salario, fecha_contratacion) values (10, 'Courtney Davson', 'Human Resources', 8994, '2023-03-26');
insert into empleados_17_2 (empleado_id, nombre_completo, puesto, salario, fecha_contratacion) values (11, 'Elisabet Auletta', 'Product Management', 5748, '2023-12-10');
insert into empleados_17_2 (empleado_id, nombre_completo, puesto, salario, fecha_contratacion) values (12, 'Abagael Croker', 'Marketing', 1248, '2023-03-25');
insert into empleados_17_2 (empleado_id, nombre_completo, puesto, salario, fecha_contratacion) values (13, 'Thomas McGloughlin', 'Engineering', 9309, '2023-09-17');
insert into empleados_17_2 (empleado_id, nombre_completo, puesto, salario, fecha_contratacion) values (14, 'Dione Kivlin', 'Legal', 8668, '2023-05-17');
insert into empleados_17_2 (empleado_id, nombre_completo, puesto, salario, fecha_contratacion) values (15, 'Dorian Fairbeard', 'Training', 697, '2024-06-07');
insert into empleados_17_2 (empleado_id, nombre_completo, puesto, salario, fecha_contratacion) values (16, 'Slade Kisting', 'Engineering', 1299, '2024-05-08');
insert into empleados_17_2 (empleado_id, nombre_completo, puesto, salario, fecha_contratacion) values (17, 'Selene Varfalameev', 'Business Development', 9530, '2024-03-27');
insert into empleados_17_2 (empleado_id, nombre_completo, puesto, salario, fecha_contratacion) values (18, 'Carol-jean Grason', 'Research and Development', 2274, '2024-06-22');
insert into empleados_17_2 (empleado_id, nombre_completo, puesto, salario, fecha_contratacion) values (19, 'Rowan Jamary', 'Marketing', 7947, '2022-12-21');
insert into empleados_17_2 (empleado_id, nombre_completo, puesto, salario, fecha_contratacion) values (20, 'Adi Becaris', 'Business Development', 399, '2024-01-09');
insert into empleados_17_2 (empleado_id, nombre_completo, puesto, salario, fecha_contratacion) values (21, 'Alysia Wernham', 'Sales', 9593, '2024-04-07');
insert into empleados_17_2 (empleado_id, nombre_completo, puesto, salario, fecha_contratacion) values (22, 'Regan Aubury', 'Marketing', 6628, '2023-05-13');
insert into empleados_17_2 (empleado_id, nombre_completo, puesto, salario, fecha_contratacion) values (23, 'Llywellyn Harraway', 'Product Management', 7196, '2022-11-13');
insert into empleados_17_2 (empleado_id, nombre_completo, puesto, salario, fecha_contratacion) values (24, 'Gert O''Haire', 'Training', 6904, '2023-09-23');
insert into empleados_17_2 (empleado_id, nombre_completo, puesto, salario, fecha_contratacion) values (25, 'Grazia Sterndale', 'Sales', 1697, '2022-11-30');
insert into empleados_17_2 (empleado_id, nombre_completo, puesto, salario, fecha_contratacion) values (26, 'Gerrilee O''Dreain', 'Accounting', 6247, '2022-11-19');
insert into empleados_17_2 (empleado_id, nombre_completo, puesto, salario, fecha_contratacion) values (27, 'Connie Coolican', 'Legal', 7875, '2024-07-28');
insert into empleados_17_2 (empleado_id, nombre_completo, puesto, salario, fecha_contratacion) values (28, 'Malynda Guarnier', 'Legal', 8021, '2024-06-17');
insert into empleados_17_2 (empleado_id, nombre_completo, puesto, salario, fecha_contratacion) values (29, 'Tomas Shwenn', 'Product Management', 2101, '2023-06-06');
insert into empleados_17_2 (empleado_id, nombre_completo, puesto, salario, fecha_contratacion) values (30, 'Victoria Divis', 'Sales', 5936, '2024-09-09');
insert into empleados_17_2 (empleado_id, nombre_completo, puesto, salario, fecha_contratacion) values (31, 'Guglielma Mateos', 'Product Management', 9766, '2024-08-20');
insert into empleados_17_2 (empleado_id, nombre_completo, puesto, salario, fecha_contratacion) values (32, 'Brittani Hadley', 'Product Management', 3719, '2024-01-24');
insert into empleados_17_2 (empleado_id, nombre_completo, puesto, salario, fecha_contratacion) values (33, 'Garrott Antonescu', 'Services', 1173, '2023-01-26');
insert into empleados_17_2 (empleado_id, nombre_completo, puesto, salario, fecha_contratacion) values (34, 'Bronnie Barber', 'Support', 7628, '2024-03-11');
insert into empleados_17_2 (empleado_id, nombre_completo, puesto, salario, fecha_contratacion) values (35, 'Judie Hanratty', 'Product Management', 9807, '2024-04-05');
insert into empleados_17_2 (empleado_id, nombre_completo, puesto, salario, fecha_contratacion) values (36, 'Nilson O''Donnelly', 'Services', 1904, '2023-12-17');
insert into empleados_17_2 (empleado_id, nombre_completo, puesto, salario, fecha_contratacion) values (37, 'Carita Orth', 'Legal', 7719, '2022-12-31');
insert into empleados_17_2 (empleado_id, nombre_completo, puesto, salario, fecha_contratacion) values (38, 'Kellyann Shelmerdine', 'Accounting', 775, '2023-12-26');
insert into empleados_17_2 (empleado_id, nombre_completo, puesto, salario, fecha_contratacion) values (39, 'Fax Barnet', 'Product Management', 1417, '2023-02-22');
insert into empleados_17_2 (empleado_id, nombre_completo, puesto, salario, fecha_contratacion) values (40, 'Hadria Gentner', 'Training', 663, '2023-02-20');
insert into empleados_17_2 (empleado_id, nombre_completo, puesto, salario, fecha_contratacion) values (41, 'Carol Hasson', 'Business Development', 7250, '2023-05-15');
insert into empleados_17_2 (empleado_id, nombre_completo, puesto, salario, fecha_contratacion) values (42, 'Currey Bulmer', 'Research and Development', 8962, '2023-07-22');
insert into empleados_17_2 (empleado_id, nombre_completo, puesto, salario, fecha_contratacion) values (43, 'Terrijo Woodger', 'Accounting', 333, '2023-09-08');
insert into empleados_17_2 (empleado_id, nombre_completo, puesto, salario, fecha_contratacion) values (44, 'Malvina Franken', 'Engineering', 3096, '2024-06-28');
insert into empleados_17_2 (empleado_id, nombre_completo, puesto, salario, fecha_contratacion) values (45, 'Garvey Chaim', 'Accounting', 7550, '2024-09-01');
insert into empleados_17_2 (empleado_id, nombre_completo, puesto, salario, fecha_contratacion) values (46, 'Sibyl Sibborn', 'Accounting', 4476, '2024-01-10');
insert into empleados_17_2 (empleado_id, nombre_completo, puesto, salario, fecha_contratacion) values (47, 'Kory Hamelyn', 'Training', 5944, '2023-01-25');
insert into empleados_17_2 (empleado_id, nombre_completo, puesto, salario, fecha_contratacion) values (48, 'Zulema Carlyle', 'Sales', 9824, '2024-05-25');
insert into empleados_17_2 (empleado_id, nombre_completo, puesto, salario, fecha_contratacion) values (49, 'Maurits Camplin', 'Marketing', 4187, '2023-04-17');
insert into empleados_17_2 (empleado_id, nombre_completo, puesto, salario, fecha_contratacion) values (50, 'Morlee Coning', 'Marketing', 2351, '2023-05-01');
insert into empleados_17_2 (empleado_id, nombre_completo, puesto, salario, fecha_contratacion) values (51, 'Yorke Lapslie', 'Business Development', 283, '2023-12-27');
insert into empleados_17_2 (empleado_id, nombre_completo, puesto, salario, fecha_contratacion) values (52, 'Aubrie McGahey', 'Research and Development', 3861, '2023-06-11');
insert into empleados_17_2 (empleado_id, nombre_completo, puesto, salario, fecha_contratacion) values (53, 'Sergent Burchard', 'Training', 8919, '2022-11-05');
insert into empleados_17_2 (empleado_id, nombre_completo, puesto, salario, fecha_contratacion) values (54, 'Tomaso Rontsch', 'Legal', 1577, '2023-12-18');
insert into empleados_17_2 (empleado_id, nombre_completo, puesto, salario, fecha_contratacion) values (55, 'Jesus Neilan', 'Sales', 1524, '2024-01-25');
insert into empleados_17_2 (empleado_id, nombre_completo, puesto, salario, fecha_contratacion) values (56, 'Alley Hubbucke', 'Engineering', 962, '2023-06-01');
insert into empleados_17_2 (empleado_id, nombre_completo, puesto, salario, fecha_contratacion) values (57, 'Tandi Niezen', 'Support', 4947, '2024-05-03');
insert into empleados_17_2 (empleado_id, nombre_completo, puesto, salario, fecha_contratacion) values (58, 'Abbot Crates', 'Human Resources', 4212, '2024-01-14');
insert into empleados_17_2 (empleado_id, nombre_completo, puesto, salario, fecha_contratacion) values (59, 'Edik Lenton', 'Training', 5855, '2023-09-26');
insert into empleados_17_2 (empleado_id, nombre_completo, puesto, salario, fecha_contratacion) values (60, 'Maisie Anersen', 'Product Management', 9358, '2023-03-11');
insert into empleados_17_2 (empleado_id, nombre_completo, puesto, salario, fecha_contratacion) values (61, 'Ibbie Wallice', 'Training', 6842, '2023-03-31');
insert into empleados_17_2 (empleado_id, nombre_completo, puesto, salario, fecha_contratacion) values (62, 'Claiborn Pancoust', 'Accounting', 2744, '2023-05-05');
insert into empleados_17_2 (empleado_id, nombre_completo, puesto, salario, fecha_contratacion) values (63, 'Burtie Norval', 'Support', 6714, '2023-12-24');
insert into empleados_17_2 (empleado_id, nombre_completo, puesto, salario, fecha_contratacion) values (64, 'Ian Basil', 'Training', 8380, '2024-07-30');
insert into empleados_17_2 (empleado_id, nombre_completo, puesto, salario, fecha_contratacion) values (65, 'Georgina Tilliards', 'Engineering', 7132, '2023-01-27');
insert into empleados_17_2 (empleado_id, nombre_completo, puesto, salario, fecha_contratacion) values (66, 'Dalt Hasard', 'Training', 4093, '2022-10-11');
insert into empleados_17_2 (empleado_id, nombre_completo, puesto, salario, fecha_contratacion) values (67, 'Lutero Malkie', 'Legal', 9012, '2023-03-09');
insert into empleados_17_2 (empleado_id, nombre_completo, puesto, salario, fecha_contratacion) values (68, 'Marrilee Soreau', 'Marketing', 590, '2022-10-11');
insert into empleados_17_2 (empleado_id, nombre_completo, puesto, salario, fecha_contratacion) values (69, 'Faunie Echallie', 'Sales', 4661, '2022-10-06');
insert into empleados_17_2 (empleado_id, nombre_completo, puesto, salario, fecha_contratacion) values (70, 'Shannon Lemery', 'Training', 1811, '2024-07-15');
insert into empleados_17_2 (empleado_id, nombre_completo, puesto, salario, fecha_contratacion) values (71, 'Delia Murrow', 'Product Management', 7374, '2024-03-31');
insert into empleados_17_2 (empleado_id, nombre_completo, puesto, salario, fecha_contratacion) values (72, 'Gabriella Batterton', 'Services', 5004, '2024-05-03');
insert into empleados_17_2 (empleado_id, nombre_completo, puesto, salario, fecha_contratacion) values (73, 'Theodor McKellar', 'Training', 7256, '2023-07-22');
insert into empleados_17_2 (empleado_id, nombre_completo, puesto, salario, fecha_contratacion) values (74, 'Lacie Maile', 'Research and Development', 7885, '2023-02-14');
insert into empleados_17_2 (empleado_id, nombre_completo, puesto, salario, fecha_contratacion) values (75, 'Shurlock Wookey', 'Support', 9018, '2023-01-25');
insert into empleados_17_2 (empleado_id, nombre_completo, puesto, salario, fecha_contratacion) values (76, 'Fernandina Eite', 'Training', 2758, '2023-12-30');
insert into empleados_17_2 (empleado_id, nombre_completo, puesto, salario, fecha_contratacion) values (77, 'Nessy Jex', 'Training', 4423, '2023-02-10');
insert into empleados_17_2 (empleado_id, nombre_completo, puesto, salario, fecha_contratacion) values (78, 'Janeva Acors', 'Training', 4667, '2023-03-16');
insert into empleados_17_2 (empleado_id, nombre_completo, puesto, salario, fecha_contratacion) values (79, 'Ninetta Louder', 'Research and Development', 257, '2024-03-06');
insert into empleados_17_2 (empleado_id, nombre_completo, puesto, salario, fecha_contratacion) values (80, 'Selestina Empringham', 'Marketing', 9328, '2023-03-13');
insert into empleados_17_2 (empleado_id, nombre_completo, puesto, salario, fecha_contratacion) values (81, 'Immanuel Ollier', 'Support', 3260, '2023-03-29');
insert into empleados_17_2 (empleado_id, nombre_completo, puesto, salario, fecha_contratacion) values (82, 'Ilysa Fontin', 'Marketing', 3336, '2023-02-18');
insert into empleados_17_2 (empleado_id, nombre_completo, puesto, salario, fecha_contratacion) values (83, 'Skell Adan', 'Accounting', 5192, '2024-02-13');
insert into empleados_17_2 (empleado_id, nombre_completo, puesto, salario, fecha_contratacion) values (84, 'Dulcinea Chenery', 'Training', 1193, '2023-11-21');
insert into empleados_17_2 (empleado_id, nombre_completo, puesto, salario, fecha_contratacion) values (85, 'Ramon Coot', 'Marketing', 7217, '2024-01-30');
insert into empleados_17_2 (empleado_id, nombre_completo, puesto, salario, fecha_contratacion) values (86, 'Granville Berthelet', 'Marketing', 7737, '2023-12-19');
insert into empleados_17_2 (empleado_id, nombre_completo, puesto, salario, fecha_contratacion) values (87, 'Aili Teanby', 'Engineering', 6516, '2024-03-30');
insert into empleados_17_2 (empleado_id, nombre_completo, puesto, salario, fecha_contratacion) values (88, 'Jaquelyn Waterfall', 'Training', 8448, '2023-07-16');
insert into empleados_17_2 (empleado_id, nombre_completo, puesto, salario, fecha_contratacion) values (89, 'Torrence Darey', 'Business Development', 8577, '2023-02-15');
insert into empleados_17_2 (empleado_id, nombre_completo, puesto, salario, fecha_contratacion) values (90, 'Joli Lappin', 'Human Resources', 9009, '2024-02-23');
insert into empleados_17_2 (empleado_id, nombre_completo, puesto, salario, fecha_contratacion) values (91, 'Shel Garnar', 'Sales', 2881, '2022-12-14');
insert into empleados_17_2 (empleado_id, nombre_completo, puesto, salario, fecha_contratacion) values (92, 'Crysta Grut', 'Legal', 7597, '2024-06-29');
insert into empleados_17_2 (empleado_id, nombre_completo, puesto, salario, fecha_contratacion) values (93, 'Bevan Wyllie', 'Product Management', 4304, '2024-06-11');
insert into empleados_17_2 (empleado_id, nombre_completo, puesto, salario, fecha_contratacion) values (94, 'Colan Mantha', 'Marketing', 9606, '2023-07-15');
insert into empleados_17_2 (empleado_id, nombre_completo, puesto, salario, fecha_contratacion) values (95, 'Yankee Fulstow', 'Legal', 7119, '2024-05-04');
insert into empleados_17_2 (empleado_id, nombre_completo, puesto, salario, fecha_contratacion) values (96, 'Cissy Camel', 'Engineering', 8706, '2024-04-27');
insert into empleados_17_2 (empleado_id, nombre_completo, puesto, salario, fecha_contratacion) values (97, 'Rowen Redgewell', 'Training', 4923, '2024-01-30');
insert into empleados_17_2 (empleado_id, nombre_completo, puesto, salario, fecha_contratacion) values (98, 'Jorgan McGilvray', 'Business Development', 6883, '2023-12-09');
insert into empleados_17_2 (empleado_id, nombre_completo, puesto, salario, fecha_contratacion) values (99, 'Kelcey Pocknoll', 'Training', 4150, '2023-02-26');
insert into empleados_17_2 (empleado_id, nombre_completo, puesto, salario, fecha_contratacion) values (100, 'Abbi Glassard', 'Accounting', 9556, '2024-05-29');
insert into empleados_17_2 (empleado_id, nombre_completo, puesto, salario, fecha_contratacion) values (101, 'Denice Gerriet', 'Accounting', 7877, '2024-02-12');
insert into empleados_17_2 (empleado_id, nombre_completo, puesto, salario, fecha_contratacion) values (102, 'Lew Drain', 'Engineering', 7213, '2023-07-03');
insert into empleados_17_2 (empleado_id, nombre_completo, puesto, salario, fecha_contratacion) values (103, 'Brant Cowderoy', 'Support', 9205, '2023-09-05');
insert into empleados_17_2 (empleado_id, nombre_completo, puesto, salario, fecha_contratacion) values (104, 'Leanna Serchwell', 'Sales', 752, '2023-05-02');
insert into empleados_17_2 (empleado_id, nombre_completo, puesto, salario, fecha_contratacion) values (105, 'Niels Dorot', 'Human Resources', 2428, '2022-12-12');
insert into empleados_17_2 (empleado_id, nombre_completo, puesto, salario, fecha_contratacion) values (106, 'Dalis Cruft', 'Support', 4808, '2022-12-11');
insert into empleados_17_2 (empleado_id, nombre_completo, puesto, salario, fecha_contratacion) values (107, 'Rhonda Beckerleg', 'Support', 6138, '2024-06-26');
insert into empleados_17_2 (empleado_id, nombre_completo, puesto, salario, fecha_contratacion) values (108, 'Merralee Mutimer', 'Engineering', 8762, '2022-11-11');
insert into empleados_17_2 (empleado_id, nombre_completo, puesto, salario, fecha_contratacion) values (109, 'Herby Dillintone', 'Legal', 8169, '2024-03-12');
insert into empleados_17_2 (empleado_id, nombre_completo, puesto, salario, fecha_contratacion) values (110, 'Brook Neylon', 'Support', 2892, '2023-04-11');
insert into empleados_17_2 (empleado_id, nombre_completo, puesto, salario, fecha_contratacion) values (111, 'Estel Gowdridge', 'Legal', 1833, '2023-11-07');
insert into empleados_17_2 (empleado_id, nombre_completo, puesto, salario, fecha_contratacion) values (112, 'Randolf Brickstock', 'Support', 8139, '2023-04-04');
insert into empleados_17_2 (empleado_id, nombre_completo, puesto, salario, fecha_contratacion) values (113, 'Germaine Derington', 'Training', 9696, '2023-11-11');
insert into empleados_17_2 (empleado_id, nombre_completo, puesto, salario, fecha_contratacion) values (114, 'Gennie McCusker', 'Services', 4557, '2023-10-01');
insert into empleados_17_2 (empleado_id, nombre_completo, puesto, salario, fecha_contratacion) values (115, 'Doralyn Giovanitti', 'Engineering', 2842, '2024-03-01');
insert into empleados_17_2 (empleado_id, nombre_completo, puesto, salario, fecha_contratacion) values (116, 'Staford Shetliff', 'Services', 7637, '2024-01-11');
insert into empleados_17_2 (empleado_id, nombre_completo, puesto, salario, fecha_contratacion) values (117, 'Amalie Blomefield', 'Human Resources', 5707, '2024-08-06');
insert into empleados_17_2 (empleado_id, nombre_completo, puesto, salario, fecha_contratacion) values (118, 'Fergus Gaiger', 'Research and Development', 2638, '2022-10-28');
insert into empleados_17_2 (empleado_id, nombre_completo, puesto, salario, fecha_contratacion) values (119, 'Dudley Eke', 'Legal', 7723, '2023-12-07');
insert into empleados_17_2 (empleado_id, nombre_completo, puesto, salario, fecha_contratacion) values (120, 'Brantley Sabey', 'Legal', 7987, '2024-09-07');
insert into empleados_17_2 (empleado_id, nombre_completo, puesto, salario, fecha_contratacion) values (121, 'Diandra Armsden', 'Legal', 7016, '2023-05-05');
insert into empleados_17_2 (empleado_id, nombre_completo, puesto, salario, fecha_contratacion) values (122, 'Cheri Ridder', 'Business Development', 5730, '2022-10-31');
insert into empleados_17_2 (empleado_id, nombre_completo, puesto, salario, fecha_contratacion) values (123, 'Alberto Marchent', 'Accounting', 423, '2023-06-07');
insert into empleados_17_2 (empleado_id, nombre_completo, puesto, salario, fecha_contratacion) values (124, 'Eleni Diggens', 'Services', 785, '2024-07-06');
insert into empleados_17_2 (empleado_id, nombre_completo, puesto, salario, fecha_contratacion) values (125, 'Padgett Hendrik', 'Support', 4754, '2023-04-08');
insert into empleados_17_2 (empleado_id, nombre_completo, puesto, salario, fecha_contratacion) values (126, 'Hildy Stonhewer', 'Services', 2531, '2024-05-23');
insert into empleados_17_2 (empleado_id, nombre_completo, puesto, salario, fecha_contratacion) values (127, 'Ulises Ferns', 'Human Resources', 3665, '2023-08-03');
insert into empleados_17_2 (empleado_id, nombre_completo, puesto, salario, fecha_contratacion) values (128, 'Ardisj Thomazin', 'Marketing', 1666, '2023-12-09');
insert into empleados_17_2 (empleado_id, nombre_completo, puesto, salario, fecha_contratacion) values (129, 'Ardelis Kobpal', 'Support', 3696, '2024-04-22');
insert into empleados_17_2 (empleado_id, nombre_completo, puesto, salario, fecha_contratacion) values (130, 'Tildie Monan', 'Engineering', 8646, '2023-09-18');
insert into empleados_17_2 (empleado_id, nombre_completo, puesto, salario, fecha_contratacion) values (131, 'Barris Orsay', 'Marketing', 8709, '2024-07-07');
insert into empleados_17_2 (empleado_id, nombre_completo, puesto, salario, fecha_contratacion) values (132, 'Maye Blunkett', 'Training', 6781, '2024-08-25');
insert into empleados_17_2 (empleado_id, nombre_completo, puesto, salario, fecha_contratacion) values (133, 'Kania McCrillis', 'Accounting', 4074, '2022-10-05');
insert into empleados_17_2 (empleado_id, nombre_completo, puesto, salario, fecha_contratacion) values (134, 'Reece Atcock', 'Support', 3788, '2023-10-05');
insert into empleados_17_2 (empleado_id, nombre_completo, puesto, salario, fecha_contratacion) values (135, 'Emelita Casbon', 'Marketing', 1002, '2023-02-22');
insert into empleados_17_2 (empleado_id, nombre_completo, puesto, salario, fecha_contratacion) values (136, 'Cordelia Iuorio', 'Research and Development', 1145, '2023-03-15');
insert into empleados_17_2 (empleado_id, nombre_completo, puesto, salario, fecha_contratacion) values (137, 'Stevy Obell', 'Marketing', 3073, '2023-01-31');
insert into empleados_17_2 (empleado_id, nombre_completo, puesto, salario, fecha_contratacion) values (138, 'Zak Leece', 'Human Resources', 4352, '2023-09-10');
insert into empleados_17_2 (empleado_id, nombre_completo, puesto, salario, fecha_contratacion) values (139, 'Aimee Chasteau', 'Marketing', 3951, '2024-05-20');
insert into empleados_17_2 (empleado_id, nombre_completo, puesto, salario, fecha_contratacion) values (140, 'Ines Gladden', 'Services', 220, '2023-10-02');
insert into empleados_17_2 (empleado_id, nombre_completo, puesto, salario, fecha_contratacion) values (141, 'Tina Bass', 'Legal', 3648, '2023-03-09');
insert into empleados_17_2 (empleado_id, nombre_completo, puesto, salario, fecha_contratacion) values (142, 'Hyman Durrance', 'Sales', 2579, '2024-01-23');
insert into empleados_17_2 (empleado_id, nombre_completo, puesto, salario, fecha_contratacion) values (143, 'Karia Colquitt', 'Training', 6072, '2022-10-28');
insert into empleados_17_2 (empleado_id, nombre_completo, puesto, salario, fecha_contratacion) values (144, 'Elyse Northway', 'Business Development', 2708, '2022-12-02');
insert into empleados_17_2 (empleado_id, nombre_completo, puesto, salario, fecha_contratacion) values (145, 'Sheelagh Klimke', 'Training', 2508, '2022-10-07');
insert into empleados_17_2 (empleado_id, nombre_completo, puesto, salario, fecha_contratacion) values (146, 'Eleanora Busch', 'Research and Development', 5816, '2023-05-18');
insert into empleados_17_2 (empleado_id, nombre_completo, puesto, salario, fecha_contratacion) values (147, 'Siobhan Copyn', 'Sales', 4805, '2023-09-25');
insert into empleados_17_2 (empleado_id, nombre_completo, puesto, salario, fecha_contratacion) values (148, 'Lina Fray', 'Legal', 107, '2023-04-19');
insert into empleados_17_2 (empleado_id, nombre_completo, puesto, salario, fecha_contratacion) values (149, 'Hannah Lapsley', 'Marketing', 4293, '2024-05-07');
insert into empleados_17_2 (empleado_id, nombre_completo, puesto, salario, fecha_contratacion) values (150, 'Fredi Willmot', 'Sales', 9481, '2022-12-17');
insert into empleados_17_2 (empleado_id, nombre_completo, puesto, salario, fecha_contratacion) values (151, 'Alli Borne', 'Human Resources', 1959, '2024-06-28');
insert into empleados_17_2 (empleado_id, nombre_completo, puesto, salario, fecha_contratacion) values (152, 'Fabien Plummer', 'Support', 1952, '2024-02-06');
insert into empleados_17_2 (empleado_id, nombre_completo, puesto, salario, fecha_contratacion) values (153, 'Estevan Proudman', 'Sales', 903, '2023-07-08');
insert into empleados_17_2 (empleado_id, nombre_completo, puesto, salario, fecha_contratacion) values (154, 'Joni Shutler', 'Business Development', 7160, '2024-08-22');
insert into empleados_17_2 (empleado_id, nombre_completo, puesto, salario, fecha_contratacion) values (155, 'Elsbeth Haydock', 'Engineering', 218, '2023-04-10');
insert into empleados_17_2 (empleado_id, nombre_completo, puesto, salario, fecha_contratacion) values (156, 'Royce Durrett', 'Research and Development', 5874, '2023-07-26');
insert into empleados_17_2 (empleado_id, nombre_completo, puesto, salario, fecha_contratacion) values (157, 'Corette Van Velden', 'Accounting', 9882, '2024-02-28');
insert into empleados_17_2 (empleado_id, nombre_completo, puesto, salario, fecha_contratacion) values (158, 'Leandra Nesfield', 'Business Development', 5850, '2023-04-20');
insert into empleados_17_2 (empleado_id, nombre_completo, puesto, salario, fecha_contratacion) values (159, 'Andros McIlwain', 'Marketing', 8857, '2022-12-11');
insert into empleados_17_2 (empleado_id, nombre_completo, puesto, salario, fecha_contratacion) values (160, 'Reagan Covotto', 'Research and Development', 8280, '2023-10-15');
insert into empleados_17_2 (empleado_id, nombre_completo, puesto, salario, fecha_contratacion) values (161, 'Kimmy Bernardotti', 'Marketing', 5764, '2023-11-10');
insert into empleados_17_2 (empleado_id, nombre_completo, puesto, salario, fecha_contratacion) values (162, 'Ricoriki Woolard', 'Legal', 9867, '2023-09-27');
insert into empleados_17_2 (empleado_id, nombre_completo, puesto, salario, fecha_contratacion) values (163, 'Marilyn Deason', 'Accounting', 5549, '2024-08-25');
insert into empleados_17_2 (empleado_id, nombre_completo, puesto, salario, fecha_contratacion) values (164, 'Linet Jervis', 'Engineering', 2834, '2023-02-05');
insert into empleados_17_2 (empleado_id, nombre_completo, puesto, salario, fecha_contratacion) values (165, 'Lillian Usmar', 'Business Development', 1806, '2023-11-08');
insert into empleados_17_2 (empleado_id, nombre_completo, puesto, salario, fecha_contratacion) values (166, 'Robinet Haysey', 'Business Development', 2028, '2023-11-07');
insert into empleados_17_2 (empleado_id, nombre_completo, puesto, salario, fecha_contratacion) values (167, 'Ros Ardern', 'Research and Development', 4466, '2022-11-06');
insert into empleados_17_2 (empleado_id, nombre_completo, puesto, salario, fecha_contratacion) values (168, 'Griselda Freshwater', 'Human Resources', 9038, '2023-10-12');
insert into empleados_17_2 (empleado_id, nombre_completo, puesto, salario, fecha_contratacion) values (169, 'Alaster Bees', 'Training', 250, '2024-01-25');
insert into empleados_17_2 (empleado_id, nombre_completo, puesto, salario, fecha_contratacion) values (170, 'Abdel Landon', 'Support', 851, '2023-10-26');
insert into empleados_17_2 (empleado_id, nombre_completo, puesto, salario, fecha_contratacion) values (171, 'Sophey Kingsly', 'Research and Development', 984, '2023-03-09');
insert into empleados_17_2 (empleado_id, nombre_completo, puesto, salario, fecha_contratacion) values (172, 'Kelcy Whatford', 'Product Management', 1713, '2023-07-20');
insert into empleados_17_2 (empleado_id, nombre_completo, puesto, salario, fecha_contratacion) values (173, 'Tremayne Risborough', 'Business Development', 1875, '2024-07-07');
insert into empleados_17_2 (empleado_id, nombre_completo, puesto, salario, fecha_contratacion) values (174, 'Valeda Gaunter', 'Product Management', 2096, '2022-10-30');
insert into empleados_17_2 (empleado_id, nombre_completo, puesto, salario, fecha_contratacion) values (175, 'Karina Maunder', 'Support', 5211, '2023-02-13');
insert into empleados_17_2 (empleado_id, nombre_completo, puesto, salario, fecha_contratacion) values (176, 'Cindie Barmby', 'Support', 3804, '2022-12-26');
insert into empleados_17_2 (empleado_id, nombre_completo, puesto, salario, fecha_contratacion) values (177, 'Cointon Bucke', 'Business Development', 4501, '2024-01-08');
insert into empleados_17_2 (empleado_id, nombre_completo, puesto, salario, fecha_contratacion) values (178, 'Golda Vedekhov', 'Business Development', 422, '2023-03-24');
insert into empleados_17_2 (empleado_id, nombre_completo, puesto, salario, fecha_contratacion) values (179, 'Deena Parres', 'Human Resources', 1233, '2024-02-07');
insert into empleados_17_2 (empleado_id, nombre_completo, puesto, salario, fecha_contratacion) values (180, 'Saxe Cuniam', 'Legal', 8858, '2023-10-09');
insert into empleados_17_2 (empleado_id, nombre_completo, puesto, salario, fecha_contratacion) values (181, 'Aurore Scarbarrow', 'Engineering', 3200, '2024-06-23');
insert into empleados_17_2 (empleado_id, nombre_completo, puesto, salario, fecha_contratacion) values (182, 'Alex Murney', 'Human Resources', 8397, '2024-03-07');
insert into empleados_17_2 (empleado_id, nombre_completo, puesto, salario, fecha_contratacion) values (183, 'Shelagh Beggio', 'Support', 4269, '2023-05-21');
insert into empleados_17_2 (empleado_id, nombre_completo, puesto, salario, fecha_contratacion) values (184, 'Irvine Abella', 'Business Development', 7454, '2024-05-25');
insert into empleados_17_2 (empleado_id, nombre_completo, puesto, salario, fecha_contratacion) values (185, 'Mylo Bredbury', 'Legal', 8388, '2024-08-30');
insert into empleados_17_2 (empleado_id, nombre_completo, puesto, salario, fecha_contratacion) values (186, 'Maryrose Lethebridge', 'Engineering', 3750, '2023-04-21');
insert into empleados_17_2 (empleado_id, nombre_completo, puesto, salario, fecha_contratacion) values (187, 'Dallas Cana', 'Product Management', 2487, '2023-04-27');
insert into empleados_17_2 (empleado_id, nombre_completo, puesto, salario, fecha_contratacion) values (188, 'Germana Rubinfeld', 'Marketing', 8080, '2022-12-02');
insert into empleados_17_2 (empleado_id, nombre_completo, puesto, salario, fecha_contratacion) values (189, 'Ginni Woodhouse', 'Training', 5141, '2024-02-19');
insert into empleados_17_2 (empleado_id, nombre_completo, puesto, salario, fecha_contratacion) values (190, 'Pia Lethieulier', 'Services', 7747, '2024-09-01');
insert into empleados_17_2 (empleado_id, nombre_completo, puesto, salario, fecha_contratacion) values (191, 'Alphonse Lindgren', 'Business Development', 5995, '2023-07-31');
insert into empleados_17_2 (empleado_id, nombre_completo, puesto, salario, fecha_contratacion) values (192, 'Nixie Borham', 'Business Development', 5603, '2023-12-08');
insert into empleados_17_2 (empleado_id, nombre_completo, puesto, salario, fecha_contratacion) values (193, 'Nadia Farfolomeev', 'Product Management', 6288, '2022-12-02');
insert into empleados_17_2 (empleado_id, nombre_completo, puesto, salario, fecha_contratacion) values (194, 'Laina McSparran', 'Support', 3519, '2023-03-04');
insert into empleados_17_2 (empleado_id, nombre_completo, puesto, salario, fecha_contratacion) values (195, 'Benedicta Streatfield', 'Human Resources', 6709, '2023-10-08');
insert into empleados_17_2 (empleado_id, nombre_completo, puesto, salario, fecha_contratacion) values (196, 'Merrill Pegrum', 'Marketing', 3799, '2023-11-29');
insert into empleados_17_2 (empleado_id, nombre_completo, puesto, salario, fecha_contratacion) values (197, 'Terri-jo O'' Mahony', 'Business Development', 6905, '2023-05-26');
insert into empleados_17_2 (empleado_id, nombre_completo, puesto, salario, fecha_contratacion) values (198, 'Alec Dulany', 'Training', 3286, '2024-03-06');
insert into empleados_17_2 (empleado_id, nombre_completo, puesto, salario, fecha_contratacion) values (199, 'Emmit Barnwall', 'Services', 3033, '2023-03-22');
insert into empleados_17_2 (empleado_id, nombre_completo, puesto, salario, fecha_contratacion) values (200, 'Ariel Hazelton', 'Business Development', 9794, '2023-07-21');

insert into proyectos_17_2 (proyecto_id, nombre_proyecto, empleado_responsable, fecha_inicio, fecha_fin, estatus) values (1, 'Consumer Services', 3, '2023-04-01', '2023-07-20', 'BETTER THAN NATURE SKIN SOFTNER');
insert into proyectos_17_2 (proyecto_id, nombre_proyecto, empleado_responsable, fecha_inicio, fecha_fin, estatus) values (2, 'Technology', 104, '2023-03-04', '2023-12-08', 'Medicated Lip Balm');
insert into proyectos_17_2 (proyecto_id, nombre_proyecto, empleado_responsable, fecha_inicio, fecha_fin, estatus) values (3, 'Consumer Non-Durables', 179, '2024-07-19', '2024-05-07', 'Amoxicillin');
insert into proyectos_17_2 (proyecto_id, nombre_proyecto, empleado_responsable, fecha_inicio, fecha_fin, estatus) values (4, 'Basic Industries', 155, '2022-11-23', '2023-05-04', 'Sumatriptan');
insert into proyectos_17_2 (proyecto_id, nombre_proyecto, empleado_responsable, fecha_inicio, fecha_fin, estatus) values (5, 'n/a', 169, '2024-06-07', '2024-03-24', 'Mefloquine Hydrochloride');
insert into proyectos_17_2 (proyecto_id, nombre_proyecto, empleado_responsable, fecha_inicio, fecha_fin, estatus) values (6, 'Finance', 66, '2023-03-13', '2022-10-20', 'Desquam-X Wash');
insert into proyectos_17_2 (proyecto_id, nombre_proyecto, empleado_responsable, fecha_inicio, fecha_fin, estatus) values (7, 'Consumer Services', 148, '2023-09-26', '2023-04-01', 'Methocarbamol');
insert into proyectos_17_2 (proyecto_id, nombre_proyecto, empleado_responsable, fecha_inicio, fecha_fin, estatus) values (8, 'Miscellaneous', 163, '2024-07-11', '2023-06-17', 'SENSAI SILKY BRONZE SUN PROTECTIVE CREAM FOR FACE SPF30');
insert into proyectos_17_2 (proyecto_id, nombre_proyecto, empleado_responsable, fecha_inicio, fecha_fin, estatus) values (9, 'n/a', 198, '2024-07-16', '2023-07-20', 'Megestrol Acetate');
insert into proyectos_17_2 (proyecto_id, nombre_proyecto, empleado_responsable, fecha_inicio, fecha_fin, estatus) values (10, 'Energy', 11, '2024-03-26', '2023-04-08', 'ANTIBACTERIAL AMBER FLORAL');
insert into proyectos_17_2 (proyecto_id, nombre_proyecto, empleado_responsable, fecha_inicio, fecha_fin, estatus) values (11, 'Consumer Non-Durables', 112, '2023-06-06', '2022-10-05', 'Hazelnut');
insert into proyectos_17_2 (proyecto_id, nombre_proyecto, empleado_responsable, fecha_inicio, fecha_fin, estatus) values (12, 'Finance', 59, '2023-12-14', '2024-06-14', 'Gallplex');
insert into proyectos_17_2 (proyecto_id, nombre_proyecto, empleado_responsable, fecha_inicio, fecha_fin, estatus) values (13, 'n/a', 24, '2023-07-21', '2024-01-27', 'Omeprazole');
insert into proyectos_17_2 (proyecto_id, nombre_proyecto, empleado_responsable, fecha_inicio, fecha_fin, estatus) values (14, 'Capital Goods', 79, '2024-01-20', '2024-06-30', 'Dextroamphetamine Saccharate, Amphetamine Aspartate Monohydrate, Dextroamphetamine Sulfate and Amphetamine Sulfate');
insert into proyectos_17_2 (proyecto_id, nombre_proyecto, empleado_responsable, fecha_inicio, fecha_fin, estatus) values (15, 'Consumer Durables', 33, '2024-04-05', '2023-05-17', 'Clindamycin');
insert into proyectos_17_2 (proyecto_id, nombre_proyecto, empleado_responsable, fecha_inicio, fecha_fin, estatus) values (16, 'Finance', 109, '2024-02-14', '2022-11-23', 'TheraDerm Pain Relieving Patch');
insert into proyectos_17_2 (proyecto_id, nombre_proyecto, empleado_responsable, fecha_inicio, fecha_fin, estatus) values (17, 'Health Care', 85, '2022-10-25', '2023-12-13', 'Orajel Instant Pain Relief');
insert into proyectos_17_2 (proyecto_id, nombre_proyecto, empleado_responsable, fecha_inicio, fecha_fin, estatus) values (18, 'Finance', 69, '2023-01-06', '2023-03-27', 'Avalide');
insert into proyectos_17_2 (proyecto_id, nombre_proyecto, empleado_responsable, fecha_inicio, fecha_fin, estatus) values (19, 'Consumer Services', 5, '2022-11-01', '2023-09-23', 'Dipyridamole');
insert into proyectos_17_2 (proyecto_id, nombre_proyecto, empleado_responsable, fecha_inicio, fecha_fin, estatus) values (20, 'Technology', 153, '2023-08-06', '2023-11-10', 'SINGULAIR');
insert into proyectos_17_2 (proyecto_id, nombre_proyecto, empleado_responsable, fecha_inicio, fecha_fin, estatus) values (21, 'Energy', 184, '2022-12-30', '2023-09-16', 'Mineral oil');
insert into proyectos_17_2 (proyecto_id, nombre_proyecto, empleado_responsable, fecha_inicio, fecha_fin, estatus) values (22, 'Health Care', 25, '2022-10-06', '2024-05-03', 'Olanzapine');
insert into proyectos_17_2 (proyecto_id, nombre_proyecto, empleado_responsable, fecha_inicio, fecha_fin, estatus) values (23, 'Finance', 149, '2023-09-24', '2024-05-15', 'Atenolol and Chlorthalidone');
insert into proyectos_17_2 (proyecto_id, nombre_proyecto, empleado_responsable, fecha_inicio, fecha_fin, estatus) values (24, 'n/a', 155, '2024-01-09', '2024-09-06', 'INSTANT Hand Sanitizer Extra Enriched With Vitamin E Vanilla Scent');
insert into proyectos_17_2 (proyecto_id, nombre_proyecto, empleado_responsable, fecha_inicio, fecha_fin, estatus) values (25, 'Consumer Durables', 104, '2024-03-19', '2023-11-16', 'HurriCaine');
insert into proyectos_17_2 (proyecto_id, nombre_proyecto, empleado_responsable, fecha_inicio, fecha_fin, estatus) values (26, 'Consumer Non-Durables', 195, '2023-02-23', '2024-05-26', 'Amidate');
insert into proyectos_17_2 (proyecto_id, nombre_proyecto, empleado_responsable, fecha_inicio, fecha_fin, estatus) values (27, 'Health Care', 189, '2023-03-03', '2022-12-05', 'Baclofen');
insert into proyectos_17_2 (proyecto_id, nombre_proyecto, empleado_responsable, fecha_inicio, fecha_fin, estatus) values (28, 'Health Care', 139, '2023-04-01', '2023-08-16', 'ropinirole hydrochloride');
insert into proyectos_17_2 (proyecto_id, nombre_proyecto, empleado_responsable, fecha_inicio, fecha_fin, estatus) values (29, 'Public Utilities', 159, '2023-06-25', '2023-01-24', 'Suphedrine');
insert into proyectos_17_2 (proyecto_id, nombre_proyecto, empleado_responsable, fecha_inicio, fecha_fin, estatus) values (30, 'Energy', 140, '2023-11-04', '2023-10-15', 'benzonatate');
insert into proyectos_17_2 (proyecto_id, nombre_proyecto, empleado_responsable, fecha_inicio, fecha_fin, estatus) values (31, 'Consumer Services', 19, '2024-03-27', '2023-07-06', 'go wipes');
insert into proyectos_17_2 (proyecto_id, nombre_proyecto, empleado_responsable, fecha_inicio, fecha_fin, estatus) values (32, 'Capital Goods', 108, '2023-10-02', '2024-02-01', 'Body Luxuries French Lavender Waterless Anti-bacterial Hand Sanitizer');
insert into proyectos_17_2 (proyecto_id, nombre_proyecto, empleado_responsable, fecha_inicio, fecha_fin, estatus) values (33, 'Consumer Services', 26, '2023-10-04', '2024-05-06', 'Metox');
insert into proyectos_17_2 (proyecto_id, nombre_proyecto, empleado_responsable, fecha_inicio, fecha_fin, estatus) values (34, 'Consumer Non-Durables', 148, '2022-10-14', '2024-09-02', 'Irbesartan');
insert into proyectos_17_2 (proyecto_id, nombre_proyecto, empleado_responsable, fecha_inicio, fecha_fin, estatus) values (35, 'n/a', 41, '2024-08-09', '2022-10-05', 'Icy Hot');
insert into proyectos_17_2 (proyecto_id, nombre_proyecto, empleado_responsable, fecha_inicio, fecha_fin, estatus) values (36, 'n/a', 126, '2024-08-11', '2023-01-20', 'Smart Sense Aspirin');
insert into proyectos_17_2 (proyecto_id, nombre_proyecto, empleado_responsable, fecha_inicio, fecha_fin, estatus) values (37, 'Capital Goods', 128, '2022-12-18', '2024-08-26', 'EGG');
insert into proyectos_17_2 (proyecto_id, nombre_proyecto, empleado_responsable, fecha_inicio, fecha_fin, estatus) values (38, 'Consumer Services', 98, '2023-02-05', '2024-05-21', 'Obao Frescura Intensa');
insert into proyectos_17_2 (proyecto_id, nombre_proyecto, empleado_responsable, fecha_inicio, fecha_fin, estatus) values (39, 'Basic Industries', 17, '2024-08-28', '2024-04-03', 'Docusate Sodium');
insert into proyectos_17_2 (proyecto_id, nombre_proyecto, empleado_responsable, fecha_inicio, fecha_fin, estatus) values (40, 'Consumer Services', 160, '2024-03-26', '2024-01-23', 'LBEL EFFET PARFAIT MINERAL NATURAL SKIN EFFECT MOUSSE FOUNDATION SPF 16');
insert into proyectos_17_2 (proyecto_id, nombre_proyecto, empleado_responsable, fecha_inicio, fecha_fin, estatus) values (41, 'Public Utilities', 97, '2022-11-24', '2023-03-15', 'Lymphdrainex');
insert into proyectos_17_2 (proyecto_id, nombre_proyecto, empleado_responsable, fecha_inicio, fecha_fin, estatus) values (42, 'n/a', 16, '2023-08-25', '2024-06-28', 'KIMVENT');
insert into proyectos_17_2 (proyecto_id, nombre_proyecto, empleado_responsable, fecha_inicio, fecha_fin, estatus) values (43, 'Technology', 47, '2023-06-21', '2023-09-06', 'Metoprolol Tartrate');
insert into proyectos_17_2 (proyecto_id, nombre_proyecto, empleado_responsable, fecha_inicio, fecha_fin, estatus) values (44, 'Finance', 117, '2023-05-05', '2023-11-13', 'ANTIBACTERIAL');
insert into proyectos_17_2 (proyecto_id, nombre_proyecto, empleado_responsable, fecha_inicio, fecha_fin, estatus) values (45, 'Energy', 29, '2023-04-09', '2024-02-26', 'LBEL EFFET PARFAIT Spots Reducing Effect Foundation SPF 18 - MEDIUM 5');
insert into proyectos_17_2 (proyecto_id, nombre_proyecto, empleado_responsable, fecha_inicio, fecha_fin, estatus) values (46, 'Finance', 96, '2023-11-23', '2023-10-11', 'Sivil 40 (Number 24)');
insert into proyectos_17_2 (proyecto_id, nombre_proyecto, empleado_responsable, fecha_inicio, fecha_fin, estatus) values (47, 'Technology', 184, '2023-04-26', '2023-04-04', 'Iris germanica comp.');
insert into proyectos_17_2 (proyecto_id, nombre_proyecto, empleado_responsable, fecha_inicio, fecha_fin, estatus) values (48, 'Health Care', 125, '2024-01-21', '2023-05-20', 'Midodrine HCl');
insert into proyectos_17_2 (proyecto_id, nombre_proyecto, empleado_responsable, fecha_inicio, fecha_fin, estatus) values (49, 'Finance', 195, '2023-06-03', '2023-07-25', 'SHISEIDO THE MAKEUP PERFECT SMOOTHING COMPACT FOUNDATION (Refill)');
insert into proyectos_17_2 (proyecto_id, nombre_proyecto, empleado_responsable, fecha_inicio, fecha_fin, estatus) values (50, 'Consumer Services', 133, '2023-12-15', '2024-01-28', 'Arnica');
insert into proyectos_17_2 (proyecto_id, nombre_proyecto, empleado_responsable, fecha_inicio, fecha_fin, estatus) values (51, 'Technology', 129, '2023-10-12', '2024-07-07', 'Guanidine hydrochloride');
insert into proyectos_17_2 (proyecto_id, nombre_proyecto, empleado_responsable, fecha_inicio, fecha_fin, estatus) values (52, 'Miscellaneous', 50, '2023-03-14', '2023-05-22', 'Ginseng Khan');
insert into proyectos_17_2 (proyecto_id, nombre_proyecto, empleado_responsable, fecha_inicio, fecha_fin, estatus) values (53, 'Public Utilities', 172, '2023-02-04', '2023-03-04', 'Sulwhasoo Lumitouch Foundation');
insert into proyectos_17_2 (proyecto_id, nombre_proyecto, empleado_responsable, fecha_inicio, fecha_fin, estatus) values (54, 'Health Care', 31, '2024-05-17', '2023-05-09', 'Aurum Strophanthus');
insert into proyectos_17_2 (proyecto_id, nombre_proyecto, empleado_responsable, fecha_inicio, fecha_fin, estatus) values (55, 'Public Utilities', 103, '2024-03-13', '2023-02-16', 'Nabumetone');
insert into proyectos_17_2 (proyecto_id, nombre_proyecto, empleado_responsable, fecha_inicio, fecha_fin, estatus) values (56, 'Basic Industries', 23, '2023-06-04', '2024-04-28', 'ASPIRIN');
insert into proyectos_17_2 (proyecto_id, nombre_proyecto, empleado_responsable, fecha_inicio, fecha_fin, estatus) values (57, 'n/a', 36, '2023-06-25', '2024-07-31', 'Terbutaline Sulfate');
insert into proyectos_17_2 (proyecto_id, nombre_proyecto, empleado_responsable, fecha_inicio, fecha_fin, estatus) values (58, 'n/a', 104, '2023-03-07', '2024-07-26', 'Cephalexin');
insert into proyectos_17_2 (proyecto_id, nombre_proyecto, empleado_responsable, fecha_inicio, fecha_fin, estatus) values (59, 'Capital Goods', 5, '2024-06-20', '2023-03-07', 'Lopressor');
insert into proyectos_17_2 (proyecto_id, nombre_proyecto, empleado_responsable, fecha_inicio, fecha_fin, estatus) values (60, 'Consumer Services', 117, '2024-03-29', '2024-06-12', 'Allopurinol');
insert into proyectos_17_2 (proyecto_id, nombre_proyecto, empleado_responsable, fecha_inicio, fecha_fin, estatus) values (61, 'Technology', 118, '2023-03-27', '2024-03-09', 'clonidine hydrochloride');
insert into proyectos_17_2 (proyecto_id, nombre_proyecto, empleado_responsable, fecha_inicio, fecha_fin, estatus) values (62, 'Consumer Durables', 62, '2023-02-18', '2022-10-25', 'Gas-X');
insert into proyectos_17_2 (proyecto_id, nombre_proyecto, empleado_responsable, fecha_inicio, fecha_fin, estatus) values (63, 'Transportation', 69, '2024-08-13', '2024-09-02', 'Exelon');
insert into proyectos_17_2 (proyecto_id, nombre_proyecto, empleado_responsable, fecha_inicio, fecha_fin, estatus) values (64, 'Finance', 148, '2023-06-10', '2023-12-22', 'Irbesartan');
insert into proyectos_17_2 (proyecto_id, nombre_proyecto, empleado_responsable, fecha_inicio, fecha_fin, estatus) values (65, 'Consumer Services', 48, '2023-05-13', '2022-12-19', 'TABACUM');
insert into proyectos_17_2 (proyecto_id, nombre_proyecto, empleado_responsable, fecha_inicio, fecha_fin, estatus) values (66, 'Finance', 17, '2024-06-22', '2023-04-27', 'Elta Tar');
insert into proyectos_17_2 (proyecto_id, nombre_proyecto, empleado_responsable, fecha_inicio, fecha_fin, estatus) values (67, 'n/a', 99, '2023-03-23', '2023-05-14', 'Geodon');
insert into proyectos_17_2 (proyecto_id, nombre_proyecto, empleado_responsable, fecha_inicio, fecha_fin, estatus) values (68, 'Capital Goods', 139, '2023-02-15', '2023-01-19', 'Visipaque');
insert into proyectos_17_2 (proyecto_id, nombre_proyecto, empleado_responsable, fecha_inicio, fecha_fin, estatus) values (69, 'n/a', 117, '2022-10-27', '2024-08-05', 'Standardized Grass Pollen, Orchard Grass');
insert into proyectos_17_2 (proyecto_id, nombre_proyecto, empleado_responsable, fecha_inicio, fecha_fin, estatus) values (70, 'Basic Industries', 8, '2023-05-09', '2023-06-18', 'Glipizide');
insert into proyectos_17_2 (proyecto_id, nombre_proyecto, empleado_responsable, fecha_inicio, fecha_fin, estatus) values (71, 'Consumer Services', 2, '2023-11-05', '2023-02-25', 'Amitriptyline Hydrochloride');
insert into proyectos_17_2 (proyecto_id, nombre_proyecto, empleado_responsable, fecha_inicio, fecha_fin, estatus) values (72, 'Consumer Services', 149, '2023-08-15', '2022-12-13', 'Orphenadrine Citrate');
insert into proyectos_17_2 (proyecto_id, nombre_proyecto, empleado_responsable, fecha_inicio, fecha_fin, estatus) values (73, 'Public Utilities', 168, '2023-04-30', '2024-09-04', 'sotalol hydrochloride');
insert into proyectos_17_2 (proyecto_id, nombre_proyecto, empleado_responsable, fecha_inicio, fecha_fin, estatus) values (74, 'n/a', 108, '2023-02-09', '2022-12-22', 'Potassium Chloride');
insert into proyectos_17_2 (proyecto_id, nombre_proyecto, empleado_responsable, fecha_inicio, fecha_fin, estatus) values (75, 'Consumer Services', 29, '2022-11-22', '2023-02-28', 'PHACE BIOACTIVE CLARIFYING SERUM');
insert into proyectos_17_2 (proyecto_id, nombre_proyecto, empleado_responsable, fecha_inicio, fecha_fin, estatus) values (76, 'Consumer Services', 135, '2023-04-04', '2023-07-28', 'Desmopressin Acetate');
insert into proyectos_17_2 (proyecto_id, nombre_proyecto, empleado_responsable, fecha_inicio, fecha_fin, estatus) values (77, 'Finance', 120, '2023-11-17', '2023-04-16', 'NEOCIDIN');
insert into proyectos_17_2 (proyecto_id, nombre_proyecto, empleado_responsable, fecha_inicio, fecha_fin, estatus) values (78, 'Technology', 77, '2023-11-15', '2023-05-05', 'good neighbor pharmacy itchy eye');
insert into proyectos_17_2 (proyecto_id, nombre_proyecto, empleado_responsable, fecha_inicio, fecha_fin, estatus) values (79, 'n/a', 195, '2023-02-10', '2023-08-27', 'CLE DE PEAU BEAUTE SILKY FOUNDATION I');
insert into proyectos_17_2 (proyecto_id, nombre_proyecto, empleado_responsable, fecha_inicio, fecha_fin, estatus) values (80, 'n/a', 75, '2023-10-27', '2024-03-02', 'PCOS');
insert into proyectos_17_2 (proyecto_id, nombre_proyecto, empleado_responsable, fecha_inicio, fecha_fin, estatus) values (81, 'Finance', 175, '2023-12-28', '2023-03-20', 'Low Dose Aspirin');
insert into proyectos_17_2 (proyecto_id, nombre_proyecto, empleado_responsable, fecha_inicio, fecha_fin, estatus) values (82, 'Finance', 147, '2023-01-06', '2024-02-25', 'Amlodipine besylate and Atorvastatin calcium');
insert into proyectos_17_2 (proyecto_id, nombre_proyecto, empleado_responsable, fecha_inicio, fecha_fin, estatus) values (83, 'Consumer Services', 36, '2022-12-18', '2024-01-23', 'Anastrozole');
insert into proyectos_17_2 (proyecto_id, nombre_proyecto, empleado_responsable, fecha_inicio, fecha_fin, estatus) values (84, 'Basic Industries', 193, '2023-02-17', '2023-10-09', 'MUPIROCIN');
insert into proyectos_17_2 (proyecto_id, nombre_proyecto, empleado_responsable, fecha_inicio, fecha_fin, estatus) values (85, 'n/a', 42, '2022-11-07', '2024-05-20', 'Stibium 0.4');
insert into proyectos_17_2 (proyecto_id, nombre_proyecto, empleado_responsable, fecha_inicio, fecha_fin, estatus) values (86, 'Consumer Non-Durables', 22, '2023-10-17', '2024-07-13', 'Quelicin');
insert into proyectos_17_2 (proyecto_id, nombre_proyecto, empleado_responsable, fecha_inicio, fecha_fin, estatus) values (87, 'n/a', 18, '2024-08-08', '2023-12-26', 'VoSoL HC');
insert into proyectos_17_2 (proyecto_id, nombre_proyecto, empleado_responsable, fecha_inicio, fecha_fin, estatus) values (88, 'Technology', 199, '2024-06-18', '2023-07-26', 'Hemorrhoidal');
insert into proyectos_17_2 (proyecto_id, nombre_proyecto, empleado_responsable, fecha_inicio, fecha_fin, estatus) values (89, 'n/a', 90, '2023-12-08', '2023-09-20', 'Metoprolol Tartrate');
insert into proyectos_17_2 (proyecto_id, nombre_proyecto, empleado_responsable, fecha_inicio, fecha_fin, estatus) values (90, 'Technology', 27, '2024-07-24', '2023-04-09', 'Cardizem LA');
insert into proyectos_17_2 (proyecto_id, nombre_proyecto, empleado_responsable, fecha_inicio, fecha_fin, estatus) values (91, 'Consumer Non-Durables', 182, '2023-06-16', '2023-10-07', 'Loratadine');
insert into proyectos_17_2 (proyecto_id, nombre_proyecto, empleado_responsable, fecha_inicio, fecha_fin, estatus) values (92, 'n/a', 110, '2023-02-19', '2024-05-02', 'Animal Allergens, AP Horse Hair and Dander');
insert into proyectos_17_2 (proyecto_id, nombre_proyecto, empleado_responsable, fecha_inicio, fecha_fin, estatus) values (93, 'Technology', 168, '2023-04-15', '2024-02-27', 'Sore Throat Coughs');
insert into proyectos_17_2 (proyecto_id, nombre_proyecto, empleado_responsable, fecha_inicio, fecha_fin, estatus) values (94, 'Technology', 43, '2023-08-21', '2023-09-03', 'Nadolol');
insert into proyectos_17_2 (proyecto_id, nombre_proyecto, empleado_responsable, fecha_inicio, fecha_fin, estatus) values (95, 'Health Care', 200, '2024-05-04', '2023-08-19', 'Azithromycin Dihydrate');
insert into proyectos_17_2 (proyecto_id, nombre_proyecto, empleado_responsable, fecha_inicio, fecha_fin, estatus) values (96, 'Finance', 84, '2023-04-05', '2024-02-01', 'BareMinerals Warm Tan');
insert into proyectos_17_2 (proyecto_id, nombre_proyecto, empleado_responsable, fecha_inicio, fecha_fin, estatus) values (97, 'Health Care', 48, '2023-01-31', '2022-10-18', 'Saline Enema');
insert into proyectos_17_2 (proyecto_id, nombre_proyecto, empleado_responsable, fecha_inicio, fecha_fin, estatus) values (98, 'n/a', 19, '2024-02-05', '2024-04-07', 'Equate Naproxen Sodium');
insert into proyectos_17_2 (proyecto_id, nombre_proyecto, empleado_responsable, fecha_inicio, fecha_fin, estatus) values (99, 'Consumer Services', 45, '2023-07-16', '2024-09-09', 'Kirkland Signature Lansoprazole Delayed Release');
insert into proyectos_17_2 (proyecto_id, nombre_proyecto, empleado_responsable, fecha_inicio, fecha_fin, estatus) values (100, 'Health Care', 25, '2023-11-03', '2024-05-02', 'ephrine nose');
insert into proyectos_17_2 (proyecto_id, nombre_proyecto, empleado_responsable, fecha_inicio, fecha_fin, estatus) values (101, 'Technology', 60, '2023-12-27', '2023-11-08', 'nicotine polacrilex');
insert into proyectos_17_2 (proyecto_id, nombre_proyecto, empleado_responsable, fecha_inicio, fecha_fin, estatus) values (102, 'Health Care', 78, '2023-10-19', '2023-03-17', 'ULTRA PROTECTION EYE LIP NOSE SUNSCREEN BROAD SPECTRUM SPF 40');
insert into proyectos_17_2 (proyecto_id, nombre_proyecto, empleado_responsable, fecha_inicio, fecha_fin, estatus) values (103, 'Health Care', 55, '2023-04-10', '2023-11-27', 'Clean and Clear Advantage Daily Soothing Acne Scrub');
insert into proyectos_17_2 (proyecto_id, nombre_proyecto, empleado_responsable, fecha_inicio, fecha_fin, estatus) values (104, 'Finance', 123, '2023-02-01', '2022-11-26', 'Levofloxacin');
insert into proyectos_17_2 (proyecto_id, nombre_proyecto, empleado_responsable, fecha_inicio, fecha_fin, estatus) values (105, 'Health Care', 88, '2022-10-05', '2024-07-06', 'Paire OB Plus DHA');
insert into proyectos_17_2 (proyecto_id, nombre_proyecto, empleado_responsable, fecha_inicio, fecha_fin, estatus) values (106, 'n/a', 45, '2023-08-30', '2023-09-09', 'Good Sense Nasal Decongestant');
insert into proyectos_17_2 (proyecto_id, nombre_proyecto, empleado_responsable, fecha_inicio, fecha_fin, estatus) values (107, 'n/a', 163, '2024-04-17', '2024-01-07', 'Oxygen');
insert into proyectos_17_2 (proyecto_id, nombre_proyecto, empleado_responsable, fecha_inicio, fecha_fin, estatus) values (108, 'Technology', 89, '2024-08-31', '2023-10-11', 'Allerfed');
insert into proyectos_17_2 (proyecto_id, nombre_proyecto, empleado_responsable, fecha_inicio, fecha_fin, estatus) values (109, 'Consumer Non-Durables', 81, '2023-08-27', '2022-11-05', 'Naproxen Sodium');
insert into proyectos_17_2 (proyecto_id, nombre_proyecto, empleado_responsable, fecha_inicio, fecha_fin, estatus) values (110, 'Finance', 110, '2024-04-14', '2024-05-24', 'Athletes Foot');
insert into proyectos_17_2 (proyecto_id, nombre_proyecto, empleado_responsable, fecha_inicio, fecha_fin, estatus) values (111, 'Energy', 57, '2022-11-22', '2023-11-21', 'Carbo Prunus comp. Special Order');
insert into proyectos_17_2 (proyecto_id, nombre_proyecto, empleado_responsable, fecha_inicio, fecha_fin, estatus) values (112, 'Health Care', 87, '2023-12-13', '2023-09-01', 'Eye Irritation');
insert into proyectos_17_2 (proyecto_id, nombre_proyecto, empleado_responsable, fecha_inicio, fecha_fin, estatus) values (113, 'n/a', 61, '2023-06-22', '2023-07-23', 'Scrub Pine');
insert into proyectos_17_2 (proyecto_id, nombre_proyecto, empleado_responsable, fecha_inicio, fecha_fin, estatus) values (114, 'Basic Industries', 42, '2023-01-15', '2023-05-21', 'TINTED MOISTURIZER');
insert into proyectos_17_2 (proyecto_id, nombre_proyecto, empleado_responsable, fecha_inicio, fecha_fin, estatus) values (115, 'Health Care', 179, '2023-02-18', '2023-11-17', 'CAREONE');
insert into proyectos_17_2 (proyecto_id, nombre_proyecto, empleado_responsable, fecha_inicio, fecha_fin, estatus) values (116, 'Public Utilities', 23, '2023-08-12', '2023-09-22', 'Cuvposa');
insert into proyectos_17_2 (proyecto_id, nombre_proyecto, empleado_responsable, fecha_inicio, fecha_fin, estatus) values (117, 'Miscellaneous', 102, '2023-07-15', '2023-09-20', 'Risperidone');
insert into proyectos_17_2 (proyecto_id, nombre_proyecto, empleado_responsable, fecha_inicio, fecha_fin, estatus) values (118, 'Technology', 115, '2024-04-30', '2024-06-12', 'Aplicare Povidone-iodine Scrub');
insert into proyectos_17_2 (proyecto_id, nombre_proyecto, empleado_responsable, fecha_inicio, fecha_fin, estatus) values (119, 'n/a', 121, '2024-07-23', '2022-10-03', 'nifedipine');
insert into proyectos_17_2 (proyecto_id, nombre_proyecto, empleado_responsable, fecha_inicio, fecha_fin, estatus) values (120, 'Health Care', 11, '2024-03-03', '2023-02-25', 'Ceftriaxone');
insert into proyectos_17_2 (proyecto_id, nombre_proyecto, empleado_responsable, fecha_inicio, fecha_fin, estatus) values (121, 'Finance', 83, '2024-05-03', '2024-07-24', 'Halls Naturals');
insert into proyectos_17_2 (proyecto_id, nombre_proyecto, empleado_responsable, fecha_inicio, fecha_fin, estatus) values (122, 'Energy', 25, '2023-06-10', '2023-04-02', 'Mephyton');
insert into proyectos_17_2 (proyecto_id, nombre_proyecto, empleado_responsable, fecha_inicio, fecha_fin, estatus) values (123, 'Transportation', 117, '2023-10-01', '2023-10-31', 'Lidocaine Hydrochloride and Dextrose');
insert into proyectos_17_2 (proyecto_id, nombre_proyecto, empleado_responsable, fecha_inicio, fecha_fin, estatus) values (124, 'Technology', 57, '2023-12-11', '2023-05-21', 'PredniSONE');
insert into proyectos_17_2 (proyecto_id, nombre_proyecto, empleado_responsable, fecha_inicio, fecha_fin, estatus) values (125, 'Consumer Services', 137, '2024-03-17', '2023-01-26', 'Sumatriptan');
insert into proyectos_17_2 (proyecto_id, nombre_proyecto, empleado_responsable, fecha_inicio, fecha_fin, estatus) values (126, 'Finance', 120, '2023-03-29', '2023-03-26', 'Abstral');
insert into proyectos_17_2 (proyecto_id, nombre_proyecto, empleado_responsable, fecha_inicio, fecha_fin, estatus) values (127, 'Public Utilities', 163, '2022-10-23', '2022-12-05', 'Rozerem');
insert into proyectos_17_2 (proyecto_id, nombre_proyecto, empleado_responsable, fecha_inicio, fecha_fin, estatus) values (128, 'Basic Industries', 135, '2024-05-09', '2022-11-29', 'Simply Right clearLAX');
insert into proyectos_17_2 (proyecto_id, nombre_proyecto, empleado_responsable, fecha_inicio, fecha_fin, estatus) values (129, 'Basic Industries', 108, '2023-11-26', '2024-08-11', 'SODIUM SULFACETAMIDE, SULFUR');
insert into proyectos_17_2 (proyecto_id, nombre_proyecto, empleado_responsable, fecha_inicio, fecha_fin, estatus) values (130, 'n/a', 35, '2024-01-27', '2023-09-14', 'FAMILY WELLNESS MEDICATED WIPES');
insert into proyectos_17_2 (proyecto_id, nombre_proyecto, empleado_responsable, fecha_inicio, fecha_fin, estatus) values (131, 'n/a', 43, '2024-04-29', '2024-01-29', 'RUNNY NOSE');
insert into proyectos_17_2 (proyecto_id, nombre_proyecto, empleado_responsable, fecha_inicio, fecha_fin, estatus) values (132, 'Health Care', 123, '2023-01-09', '2024-06-03', 'Tork Premium');
insert into proyectos_17_2 (proyecto_id, nombre_proyecto, empleado_responsable, fecha_inicio, fecha_fin, estatus) values (133, 'Consumer Non-Durables', 139, '2023-11-26', '2023-05-27', 'POLYMYXIN B SULFATE and TRIMETHOPRIM SULFATE');
insert into proyectos_17_2 (proyecto_id, nombre_proyecto, empleado_responsable, fecha_inicio, fecha_fin, estatus) values (134, 'Technology', 77, '2022-12-31', '2023-02-08', 'Beefwood/Australian Pine');
insert into proyectos_17_2 (proyecto_id, nombre_proyecto, empleado_responsable, fecha_inicio, fecha_fin, estatus) values (135, 'n/a', 153, '2023-07-13', '2023-07-30', 'CAREONE');
insert into proyectos_17_2 (proyecto_id, nombre_proyecto, empleado_responsable, fecha_inicio, fecha_fin, estatus) values (136, 'Finance', 11, '2023-04-07', '2023-12-17', 'Biliousness Diarrhea');
insert into proyectos_17_2 (proyecto_id, nombre_proyecto, empleado_responsable, fecha_inicio, fecha_fin, estatus) values (137, 'Capital Goods', 28, '2024-02-16', '2024-02-03', 'Ranitidine');
insert into proyectos_17_2 (proyecto_id, nombre_proyecto, empleado_responsable, fecha_inicio, fecha_fin, estatus) values (138, 'Energy', 43, '2023-05-09', '2023-09-28', 'Fluoxetine');
insert into proyectos_17_2 (proyecto_id, nombre_proyecto, empleado_responsable, fecha_inicio, fecha_fin, estatus) values (139, 'Health Care', 60, '2023-02-08', '2024-06-26', 'XtraCare Antibacterial Hand Cleanse');
insert into proyectos_17_2 (proyecto_id, nombre_proyecto, empleado_responsable, fecha_inicio, fecha_fin, estatus) values (140, 'n/a', 95, '2023-02-24', '2023-06-07', 'GMC Medical');
insert into proyectos_17_2 (proyecto_id, nombre_proyecto, empleado_responsable, fecha_inicio, fecha_fin, estatus) values (141, 'Health Care', 24, '2023-08-23', '2024-01-26', 'Colgate Toothpaste');
insert into proyectos_17_2 (proyecto_id, nombre_proyecto, empleado_responsable, fecha_inicio, fecha_fin, estatus) values (142, 'Finance', 165, '2023-01-27', '2023-12-03', 'Nabumetone');
insert into proyectos_17_2 (proyecto_id, nombre_proyecto, empleado_responsable, fecha_inicio, fecha_fin, estatus) values (143, 'Finance', 136, '2022-12-19', '2023-09-28', 'Losartan potassium and hydrochlorothiazide');
insert into proyectos_17_2 (proyecto_id, nombre_proyecto, empleado_responsable, fecha_inicio, fecha_fin, estatus) values (144, 'Public Utilities', 147, '2023-12-21', '2023-05-04', 'fluvoxamine maleate');
insert into proyectos_17_2 (proyecto_id, nombre_proyecto, empleado_responsable, fecha_inicio, fecha_fin, estatus) values (145, 'Technology', 44, '2023-02-05', '2023-02-09', 'Premarin');
insert into proyectos_17_2 (proyecto_id, nombre_proyecto, empleado_responsable, fecha_inicio, fecha_fin, estatus) values (146, 'Consumer Services', 168, '2022-12-27', '2023-12-03', 'Venlafaxine Hydrochloride');
insert into proyectos_17_2 (proyecto_id, nombre_proyecto, empleado_responsable, fecha_inicio, fecha_fin, estatus) values (147, 'Technology', 164, '2024-04-30', '2024-03-09', 'Mary Kay Tinted Lip Balm Sunscreen SPF 15 Peony');
insert into proyectos_17_2 (proyecto_id, nombre_proyecto, empleado_responsable, fecha_inicio, fecha_fin, estatus) values (148, 'Consumer Services', 152, '2023-05-03', '2022-11-03', 'Clam');
insert into proyectos_17_2 (proyecto_id, nombre_proyecto, empleado_responsable, fecha_inicio, fecha_fin, estatus) values (149, 'n/a', 27, '2023-01-21', '2024-03-29', 'Iceberg Lettuce');
insert into proyectos_17_2 (proyecto_id, nombre_proyecto, empleado_responsable, fecha_inicio, fecha_fin, estatus) values (150, 'n/a', 67, '2022-12-04', '2023-04-25', 'Doxycycline');
insert into proyectos_17_2 (proyecto_id, nombre_proyecto, empleado_responsable, fecha_inicio, fecha_fin, estatus) values (151, 'Public Utilities', 96, '2024-01-21', '2023-01-31', 'Exelon');
insert into proyectos_17_2 (proyecto_id, nombre_proyecto, empleado_responsable, fecha_inicio, fecha_fin, estatus) values (152, 'Basic Industries', 74, '2024-03-28', '2024-05-07', 'oxycodone hydrochloride');
insert into proyectos_17_2 (proyecto_id, nombre_proyecto, empleado_responsable, fecha_inicio, fecha_fin, estatus) values (153, 'n/a', 8, '2024-07-13', '2024-02-06', 'Bacitracin');
insert into proyectos_17_2 (proyecto_id, nombre_proyecto, empleado_responsable, fecha_inicio, fecha_fin, estatus) values (154, 'Capital Goods', 110, '2023-07-11', '2022-11-18', 'Phobia Complex');
insert into proyectos_17_2 (proyecto_id, nombre_proyecto, empleado_responsable, fecha_inicio, fecha_fin, estatus) values (155, 'Consumer Durables', 39, '2023-11-05', '2024-05-14', 'ANTI-AGING CONCEALER FACE EYES SUNSCREEN SPF 20 Shade 10');
insert into proyectos_17_2 (proyecto_id, nombre_proyecto, empleado_responsable, fecha_inicio, fecha_fin, estatus) values (156, 'n/a', 78, '2024-08-07', '2023-11-23', 'LBEL LEDERM 55plus Jour');
insert into proyectos_17_2 (proyecto_id, nombre_proyecto, empleado_responsable, fecha_inicio, fecha_fin, estatus) values (157, 'Consumer Services', 153, '2023-05-12', '2023-11-24', 'Ciprofloxacin');
insert into proyectos_17_2 (proyecto_id, nombre_proyecto, empleado_responsable, fecha_inicio, fecha_fin, estatus) values (158, 'Capital Goods', 15, '2023-08-10', '2024-05-15', 'Pollens - Trees, Tree Mix 5');
insert into proyectos_17_2 (proyecto_id, nombre_proyecto, empleado_responsable, fecha_inicio, fecha_fin, estatus) values (159, 'Consumer Services', 161, '2024-08-30', '2023-07-11', 'Peptic Relief');
insert into proyectos_17_2 (proyecto_id, nombre_proyecto, empleado_responsable, fecha_inicio, fecha_fin, estatus) values (160, 'Consumer Services', 109, '2023-01-26', '2023-08-17', 'Promethazine Hydrochloride');
insert into proyectos_17_2 (proyecto_id, nombre_proyecto, empleado_responsable, fecha_inicio, fecha_fin, estatus) values (161, 'Consumer Services', 190, '2023-09-06', '2024-03-14', 'PEXEVA');
insert into proyectos_17_2 (proyecto_id, nombre_proyecto, empleado_responsable, fecha_inicio, fecha_fin, estatus) values (162, 'Technology', 176, '2023-10-01', '2022-11-11', 'ZNP');
insert into proyectos_17_2 (proyecto_id, nombre_proyecto, empleado_responsable, fecha_inicio, fecha_fin, estatus) values (163, 'Technology', 118, '2024-08-26', '2024-09-01', 'Ciclopirox');
insert into proyectos_17_2 (proyecto_id, nombre_proyecto, empleado_responsable, fecha_inicio, fecha_fin, estatus) values (164, 'Basic Industries', 94, '2024-03-26', '2024-02-09', 'Metaxalone');
insert into proyectos_17_2 (proyecto_id, nombre_proyecto, empleado_responsable, fecha_inicio, fecha_fin, estatus) values (165, 'n/a', 14, '2023-03-17', '2023-01-28', 'NARS ALL DAY LUMINOUS FOUNDATION');
insert into proyectos_17_2 (proyecto_id, nombre_proyecto, empleado_responsable, fecha_inicio, fecha_fin, estatus) values (166, 'Finance', 169, '2023-08-27', '2023-01-10', 'SHISEIDO ADVANCED HYDRO-LIQUID COMPACT (REFILL)');
insert into proyectos_17_2 (proyecto_id, nombre_proyecto, empleado_responsable, fecha_inicio, fecha_fin, estatus) values (167, 'Energy', 140, '2024-04-11', '2024-03-27', 'Soothe and Cool Free');
insert into proyectos_17_2 (proyecto_id, nombre_proyecto, empleado_responsable, fecha_inicio, fecha_fin, estatus) values (168, 'Basic Industries', 103, '2022-12-14', '2023-04-05', 'Opana');
insert into proyectos_17_2 (proyecto_id, nombre_proyecto, empleado_responsable, fecha_inicio, fecha_fin, estatus) values (169, 'Health Care', 169, '2024-08-12', '2023-10-25', 'BENICAR HCT');
insert into proyectos_17_2 (proyecto_id, nombre_proyecto, empleado_responsable, fecha_inicio, fecha_fin, estatus) values (170, 'n/a', 48, '2022-11-09', '2024-07-04', 'Methotrexate');
insert into proyectos_17_2 (proyecto_id, nombre_proyecto, empleado_responsable, fecha_inicio, fecha_fin, estatus) values (171, 'Health Care', 9, '2023-05-19', '2024-07-09', 'Quetiapine Fumarate');
insert into proyectos_17_2 (proyecto_id, nombre_proyecto, empleado_responsable, fecha_inicio, fecha_fin, estatus) values (172, 'Health Care', 89, '2024-02-19', '2023-04-18', 'pain relief and pain relief pm');
insert into proyectos_17_2 (proyecto_id, nombre_proyecto, empleado_responsable, fecha_inicio, fecha_fin, estatus) values (173, 'Technology', 85, '2022-11-03', '2024-06-19', 'CARE ONE');
insert into proyectos_17_2 (proyecto_id, nombre_proyecto, empleado_responsable, fecha_inicio, fecha_fin, estatus) values (174, 'Technology', 74, '2024-03-07', '2023-08-24', 'AcneFree Clear Skin Treatments');
insert into proyectos_17_2 (proyecto_id, nombre_proyecto, empleado_responsable, fecha_inicio, fecha_fin, estatus) values (175, 'Finance', 123, '2023-02-17', '2024-05-30', 'Prednicarbate');
insert into proyectos_17_2 (proyecto_id, nombre_proyecto, empleado_responsable, fecha_inicio, fecha_fin, estatus) values (176, 'n/a', 43, '2022-12-30', '2023-02-06', 'Asthmaforce');
insert into proyectos_17_2 (proyecto_id, nombre_proyecto, empleado_responsable, fecha_inicio, fecha_fin, estatus) values (177, 'n/a', 2, '2023-08-07', '2024-02-12', 'Citalopram');
insert into proyectos_17_2 (proyecto_id, nombre_proyecto, empleado_responsable, fecha_inicio, fecha_fin, estatus) values (178, 'Health Care', 190, '2023-03-09', '2024-08-03', 'Kapok');
insert into proyectos_17_2 (proyecto_id, nombre_proyecto, empleado_responsable, fecha_inicio, fecha_fin, estatus) values (179, 'Consumer Services', 60, '2024-03-06', '2024-03-03', 'kirkland signature quit 4');
insert into proyectos_17_2 (proyecto_id, nombre_proyecto, empleado_responsable, fecha_inicio, fecha_fin, estatus) values (180, 'Transportation', 26, '2023-11-22', '2023-01-12', 'Secret Clinical Strength');
insert into proyectos_17_2 (proyecto_id, nombre_proyecto, empleado_responsable, fecha_inicio, fecha_fin, estatus) values (181, 'Capital Goods', 165, '2023-03-18', '2022-10-19', 'Rose Sap Patch');
insert into proyectos_17_2 (proyecto_id, nombre_proyecto, empleado_responsable, fecha_inicio, fecha_fin, estatus) values (182, 'Public Utilities', 70, '2023-02-08', '2024-05-13', 'Levofloxacin');
insert into proyectos_17_2 (proyecto_id, nombre_proyecto, empleado_responsable, fecha_inicio, fecha_fin, estatus) values (183, 'Finance', 155, '2023-10-06', '2024-03-28', 'Nadolol');
insert into proyectos_17_2 (proyecto_id, nombre_proyecto, empleado_responsable, fecha_inicio, fecha_fin, estatus) values (184, 'n/a', 81, '2022-10-11', '2024-07-10', 'Gabapentin');
insert into proyectos_17_2 (proyecto_id, nombre_proyecto, empleado_responsable, fecha_inicio, fecha_fin, estatus) values (185, 'Consumer Non-Durables', 5, '2023-12-13', '2024-03-16', 'LBEL Couleur Luxe Rouge Amplifier XP amplifying SPF 15');
insert into proyectos_17_2 (proyecto_id, nombre_proyecto, empleado_responsable, fecha_inicio, fecha_fin, estatus) values (186, 'Technology', 111, '2023-10-10', '2023-06-14', 'Econazole Nitrate');
insert into proyectos_17_2 (proyecto_id, nombre_proyecto, empleado_responsable, fecha_inicio, fecha_fin, estatus) values (187, 'Health Care', 158, '2024-01-04', '2023-11-10', 'Traumeel');
insert into proyectos_17_2 (proyecto_id, nombre_proyecto, empleado_responsable, fecha_inicio, fecha_fin, estatus) values (188, 'n/a', 188, '2023-07-20', '2023-08-14', 'adult cold, flu and sore throat');
insert into proyectos_17_2 (proyecto_id, nombre_proyecto, empleado_responsable, fecha_inicio, fecha_fin, estatus) values (189, 'Technology', 190, '2023-02-03', '2022-10-10', 'LIP CONDITIONER');
insert into proyectos_17_2 (proyecto_id, nombre_proyecto, empleado_responsable, fecha_inicio, fecha_fin, estatus) values (190, 'n/a', 177, '2023-05-18', '2024-02-15', 'STEMPHYLIUM SOLANI');
insert into proyectos_17_2 (proyecto_id, nombre_proyecto, empleado_responsable, fecha_inicio, fecha_fin, estatus) values (191, 'n/a', 164, '2023-04-19', '2024-04-01', 'Simvastatin');
insert into proyectos_17_2 (proyecto_id, nombre_proyecto, empleado_responsable, fecha_inicio, fecha_fin, estatus) values (192, 'n/a', 172, '2022-11-25', '2022-11-25', 'QVAR');
insert into proyectos_17_2 (proyecto_id, nombre_proyecto, empleado_responsable, fecha_inicio, fecha_fin, estatus) values (193, 'Finance', 185, '2022-12-09', '2023-08-02', 'Asthmanefrin');
insert into proyectos_17_2 (proyecto_id, nombre_proyecto, empleado_responsable, fecha_inicio, fecha_fin, estatus) values (194, 'Capital Goods', 133, '2024-06-25', '2023-06-05', 'Mirena');
insert into proyectos_17_2 (proyecto_id, nombre_proyecto, empleado_responsable, fecha_inicio, fecha_fin, estatus) values (195, 'n/a', 8, '2022-12-26', '2023-06-14', 'Cold Medicine');
insert into proyectos_17_2 (proyecto_id, nombre_proyecto, empleado_responsable, fecha_inicio, fecha_fin, estatus) values (196, 'Capital Goods', 75, '2023-11-09', '2024-01-11', 'Deep Tan Perfecting Makeup Broad Spectrum SPF 25');
insert into proyectos_17_2 (proyecto_id, nombre_proyecto, empleado_responsable, fecha_inicio, fecha_fin, estatus) values (197, 'Consumer Services', 126, '2023-09-16', '2022-10-11', 'Niaacinamide Azelaic AC TURMER FA B6 Zinc Ox Copper');
insert into proyectos_17_2 (proyecto_id, nombre_proyecto, empleado_responsable, fecha_inicio, fecha_fin, estatus) values (198, 'Finance', 156, '2024-05-15', '2022-10-03', 'UltraMax Roll On');
insert into proyectos_17_2 (proyecto_id, nombre_proyecto, empleado_responsable, fecha_inicio, fecha_fin, estatus) values (199, 'Energy', 134, '2024-05-31', '2023-03-30', 'Nystatin');
insert into proyectos_17_2 (proyecto_id, nombre_proyecto, empleado_responsable, fecha_inicio, fecha_fin, estatus) values (200, 'Basic Industries', 158, '2024-02-22', '2024-08-26', 'Indole');

insert into ventas_17_2 (venta_id, empleado_id, monto_venta, fecha_venta, cliente) values (1, 4, 585.9, '2023-11-16', 'Margareta Baxendale');
insert into ventas_17_2 (venta_id, empleado_id, monto_venta, fecha_venta, cliente) values (2, 3, 18534.09, '2024-04-14', 'Regan Meran');
insert into ventas_17_2 (venta_id, empleado_id, monto_venta, fecha_venta, cliente) values (3, 3, 16298.15, '2024-06-30', 'Brandyn Lucus');
insert into ventas_17_2 (venta_id, empleado_id, monto_venta, fecha_venta, cliente) values (4, 53, 12226.1, '2024-03-19', 'Gianina Howkins');
insert into ventas_17_2 (venta_id, empleado_id, monto_venta, fecha_venta, cliente) values (5, 157, 12113.65, '2024-09-06', 'Raff Baterip');
insert into ventas_17_2 (venta_id, empleado_id, monto_venta, fecha_venta, cliente) values (6, 81, 3791.88, '2023-12-29', 'Ximenes Paddon');
insert into ventas_17_2 (venta_id, empleado_id, monto_venta, fecha_venta, cliente) values (7, 3, 7762.35, '2024-05-04', 'Ketty Greenshields');
insert into ventas_17_2 (venta_id, empleado_id, monto_venta, fecha_venta, cliente) values (8, 72, 16610.0, '2023-03-16', 'Otis Mallison');
insert into ventas_17_2 (venta_id, empleado_id, monto_venta, fecha_venta, cliente) values (9, 129, 7789.43, '2024-06-08', 'Adrea South');
insert into ventas_17_2 (venta_id, empleado_id, monto_venta, fecha_venta, cliente) values (10, 195, 18801.16, '2024-08-07', 'Ron Walenta');
insert into ventas_17_2 (venta_id, empleado_id, monto_venta, fecha_venta, cliente) values (11, 170, 18166.72, '2023-02-25', 'Scott Coutts');
insert into ventas_17_2 (venta_id, empleado_id, monto_venta, fecha_venta, cliente) values (12, 41, 6277.68, '2022-12-27', 'Winnifred Bullman');
insert into ventas_17_2 (venta_id, empleado_id, monto_venta, fecha_venta, cliente) values (13, 99, 6388.24, '2022-11-28', 'Hamnet Harring');
insert into ventas_17_2 (venta_id, empleado_id, monto_venta, fecha_venta, cliente) values (14, 52, 2876.23, '2024-05-02', 'Auguste Towler');
insert into ventas_17_2 (venta_id, empleado_id, monto_venta, fecha_venta, cliente) values (15, 43, 7351.12, '2024-05-16', 'Corny Mellows');
insert into ventas_17_2 (venta_id, empleado_id, monto_venta, fecha_venta, cliente) values (16, 134, 4942.98, '2023-08-26', 'Chiquia Boyford');
insert into ventas_17_2 (venta_id, empleado_id, monto_venta, fecha_venta, cliente) values (17, 98, 11517.15, '2023-07-24', 'Orland Yakunkin');
insert into ventas_17_2 (venta_id, empleado_id, monto_venta, fecha_venta, cliente) values (18, 141, 16198.99, '2024-08-09', 'Hailee Dyter');
insert into ventas_17_2 (venta_id, empleado_id, monto_venta, fecha_venta, cliente) values (19, 198, 11520.59, '2022-10-28', 'Min Gunthorpe');
insert into ventas_17_2 (venta_id, empleado_id, monto_venta, fecha_venta, cliente) values (20, 111, 9762.23, '2023-08-07', 'Gabriel O''Cullinane');
insert into ventas_17_2 (venta_id, empleado_id, monto_venta, fecha_venta, cliente) values (21, 169, 10127.22, '2023-05-20', 'Desirae Giveen');
insert into ventas_17_2 (venta_id, empleado_id, monto_venta, fecha_venta, cliente) values (22, 148, 13772.44, '2024-05-27', 'Benedict Menhenitt');
insert into ventas_17_2 (venta_id, empleado_id, monto_venta, fecha_venta, cliente) values (23, 161, 962.13, '2023-04-16', 'Thorn Bradbrook');
insert into ventas_17_2 (venta_id, empleado_id, monto_venta, fecha_venta, cliente) values (24, 183, 11918.71, '2024-05-30', 'Gibb Coolican');
insert into ventas_17_2 (venta_id, empleado_id, monto_venta, fecha_venta, cliente) values (25, 92, 9775.04, '2024-05-20', 'Roch Thinn');
insert into ventas_17_2 (venta_id, empleado_id, monto_venta, fecha_venta, cliente) values (26, 7, 16911.02, '2022-11-24', 'Augustin O''Corrigane');
insert into ventas_17_2 (venta_id, empleado_id, monto_venta, fecha_venta, cliente) values (27, 164, 15631.48, '2022-10-13', 'Valeda Lawlings');
insert into ventas_17_2 (venta_id, empleado_id, monto_venta, fecha_venta, cliente) values (28, 101, 303.34, '2023-06-11', 'Brice Kall');
insert into ventas_17_2 (venta_id, empleado_id, monto_venta, fecha_venta, cliente) values (29, 122, 2947.69, '2023-06-15', 'Howard Prate');
insert into ventas_17_2 (venta_id, empleado_id, monto_venta, fecha_venta, cliente) values (30, 107, 8926.66, '2024-07-30', 'Beulah Bayman');
insert into ventas_17_2 (venta_id, empleado_id, monto_venta, fecha_venta, cliente) values (31, 117, 6016.77, '2024-04-03', 'Orv Peschet');
insert into ventas_17_2 (venta_id, empleado_id, monto_venta, fecha_venta, cliente) values (32, 152, 10995.49, '2024-04-30', 'Mart Bourdis');
insert into ventas_17_2 (venta_id, empleado_id, monto_venta, fecha_venta, cliente) values (33, 31, 14329.62, '2024-06-25', 'Taddeusz Coper');
insert into ventas_17_2 (venta_id, empleado_id, monto_venta, fecha_venta, cliente) values (34, 181, 15968.2, '2023-05-09', 'Theresita Aiton');
insert into ventas_17_2 (venta_id, empleado_id, monto_venta, fecha_venta, cliente) values (35, 173, 6065.69, '2024-01-22', 'Evvie Pieters');
insert into ventas_17_2 (venta_id, empleado_id, monto_venta, fecha_venta, cliente) values (36, 103, 14632.31, '2023-09-07', 'Debra Eby');
insert into ventas_17_2 (venta_id, empleado_id, monto_venta, fecha_venta, cliente) values (37, 161, 16863.39, '2024-01-11', 'Chrysler Kilrow');
insert into ventas_17_2 (venta_id, empleado_id, monto_venta, fecha_venta, cliente) values (38, 175, 12515.79, '2024-08-14', 'Wandie Wear');
insert into ventas_17_2 (venta_id, empleado_id, monto_venta, fecha_venta, cliente) values (39, 142, 16493.93, '2024-05-23', 'Benson Leupold');
insert into ventas_17_2 (venta_id, empleado_id, monto_venta, fecha_venta, cliente) values (40, 170, 6716.68, '2024-08-04', 'Renae Caulier');
insert into ventas_17_2 (venta_id, empleado_id, monto_venta, fecha_venta, cliente) values (41, 93, 16805.77, '2024-07-20', 'Nance Roma');
insert into ventas_17_2 (venta_id, empleado_id, monto_venta, fecha_venta, cliente) values (42, 170, 11553.38, '2024-04-04', 'Pauly Briscoe');
insert into ventas_17_2 (venta_id, empleado_id, monto_venta, fecha_venta, cliente) values (43, 103, 18259.36, '2024-06-30', 'Tanney Couvet');
insert into ventas_17_2 (venta_id, empleado_id, monto_venta, fecha_venta, cliente) values (44, 83, 16834.41, '2022-10-13', 'Alberik Springthorpe');
insert into ventas_17_2 (venta_id, empleado_id, monto_venta, fecha_venta, cliente) values (45, 165, 8585.01, '2023-06-08', 'Decca Motto');
insert into ventas_17_2 (venta_id, empleado_id, monto_venta, fecha_venta, cliente) values (46, 20, 16239.54, '2023-11-26', 'Ray Stowgill');
insert into ventas_17_2 (venta_id, empleado_id, monto_venta, fecha_venta, cliente) values (47, 137, 6221.12, '2023-03-28', 'Bobbi Enoksson');
insert into ventas_17_2 (venta_id, empleado_id, monto_venta, fecha_venta, cliente) values (48, 108, 14349.81, '2024-07-13', 'Eddy Stanett');
insert into ventas_17_2 (venta_id, empleado_id, monto_venta, fecha_venta, cliente) values (49, 167, 13745.26, '2024-06-30', 'Wash Tomaszczyk');
insert into ventas_17_2 (venta_id, empleado_id, monto_venta, fecha_venta, cliente) values (50, 37, 14742.78, '2023-10-29', 'Caron Davenhill');
insert into ventas_17_2 (venta_id, empleado_id, monto_venta, fecha_venta, cliente) values (51, 15, 9105.64, '2023-05-26', 'Erna Ratlee');
insert into ventas_17_2 (venta_id, empleado_id, monto_venta, fecha_venta, cliente) values (52, 48, 7999.77, '2023-07-23', 'Antonia Karpeev');
insert into ventas_17_2 (venta_id, empleado_id, monto_venta, fecha_venta, cliente) values (53, 179, 5174.92, '2023-05-24', 'Merralee Sturman');
insert into ventas_17_2 (venta_id, empleado_id, monto_venta, fecha_venta, cliente) values (54, 35, 19106.62, '2023-10-01', 'Lew Blewmen');
insert into ventas_17_2 (venta_id, empleado_id, monto_venta, fecha_venta, cliente) values (55, 61, 1559.96, '2022-11-06', 'Mariel Drexel');
insert into ventas_17_2 (venta_id, empleado_id, monto_venta, fecha_venta, cliente) values (56, 82, 17215.69, '2024-05-09', 'Olav Lardeur');
insert into ventas_17_2 (venta_id, empleado_id, monto_venta, fecha_venta, cliente) values (57, 128, 8219.8, '2024-04-08', 'Abbot Rabat');
insert into ventas_17_2 (venta_id, empleado_id, monto_venta, fecha_venta, cliente) values (58, 65, 12862.42, '2023-01-29', 'Sharla Wanklyn');
insert into ventas_17_2 (venta_id, empleado_id, monto_venta, fecha_venta, cliente) values (59, 148, 17539.12, '2024-01-20', 'Ansel Craighead');
insert into ventas_17_2 (venta_id, empleado_id, monto_venta, fecha_venta, cliente) values (60, 48, 10362.35, '2024-05-05', 'Estel Carnilian');
insert into ventas_17_2 (venta_id, empleado_id, monto_venta, fecha_venta, cliente) values (61, 20, 18905.04, '2024-02-26', 'Shayne Seefeldt');
insert into ventas_17_2 (venta_id, empleado_id, monto_venta, fecha_venta, cliente) values (62, 151, 16563.55, '2023-01-22', 'Lurette Solleme');
insert into ventas_17_2 (venta_id, empleado_id, monto_venta, fecha_venta, cliente) values (63, 147, 19665.03, '2023-10-22', 'Klemens Cheshire');
insert into ventas_17_2 (venta_id, empleado_id, monto_venta, fecha_venta, cliente) values (64, 141, 5508.31, '2023-11-04', 'Mariele Blazic');
insert into ventas_17_2 (venta_id, empleado_id, monto_venta, fecha_venta, cliente) values (65, 128, 3695.05, '2024-02-12', 'Martie Vautier');
insert into ventas_17_2 (venta_id, empleado_id, monto_venta, fecha_venta, cliente) values (66, 157, 19360.03, '2022-12-17', 'Denice Gwynn');
insert into ventas_17_2 (venta_id, empleado_id, monto_venta, fecha_venta, cliente) values (67, 5, 6647.72, '2024-03-21', 'Wolfie Montfort');
insert into ventas_17_2 (venta_id, empleado_id, monto_venta, fecha_venta, cliente) values (68, 93, 14347.06, '2022-10-19', 'Teressa Colt');
insert into ventas_17_2 (venta_id, empleado_id, monto_venta, fecha_venta, cliente) values (69, 86, 1755.82, '2024-07-12', 'Eugene Maddicks');
insert into ventas_17_2 (venta_id, empleado_id, monto_venta, fecha_venta, cliente) values (70, 37, 2123.09, '2024-07-01', 'Cornie Crabbe');
insert into ventas_17_2 (venta_id, empleado_id, monto_venta, fecha_venta, cliente) values (71, 30, 3509.44, '2023-07-17', 'Guido Ruffli');
insert into ventas_17_2 (venta_id, empleado_id, monto_venta, fecha_venta, cliente) values (72, 14, 15734.14, '2023-07-25', 'Wynnie Westcarr');
insert into ventas_17_2 (venta_id, empleado_id, monto_venta, fecha_venta, cliente) values (73, 24, 11223.46, '2024-04-18', 'Gearalt Bletsoe');
insert into ventas_17_2 (venta_id, empleado_id, monto_venta, fecha_venta, cliente) values (74, 83, 9090.19, '2023-10-08', 'Franni Hilary');
insert into ventas_17_2 (venta_id, empleado_id, monto_venta, fecha_venta, cliente) values (75, 130, 6891.76, '2024-03-23', 'Joanne Cardenas');
insert into ventas_17_2 (venta_id, empleado_id, monto_venta, fecha_venta, cliente) values (76, 69, 19475.97, '2023-12-07', 'Saxon Scantleberry');
insert into ventas_17_2 (venta_id, empleado_id, monto_venta, fecha_venta, cliente) values (77, 177, 9684.23, '2023-11-01', 'Petronilla Kennagh');
insert into ventas_17_2 (venta_id, empleado_id, monto_venta, fecha_venta, cliente) values (78, 11, 5413.44, '2024-08-08', 'Leigh Hackley');
insert into ventas_17_2 (venta_id, empleado_id, monto_venta, fecha_venta, cliente) values (79, 70, 17353.96, '2022-11-03', 'Philis Willets');
insert into ventas_17_2 (venta_id, empleado_id, monto_venta, fecha_venta, cliente) values (80, 24, 15212.3, '2023-02-07', 'Inglebert Allsobrook');
insert into ventas_17_2 (venta_id, empleado_id, monto_venta, fecha_venta, cliente) values (81, 114, 3637.76, '2023-01-20', 'Onida Craydon');
insert into ventas_17_2 (venta_id, empleado_id, monto_venta, fecha_venta, cliente) values (82, 32, 19075.39, '2024-03-22', 'Dorry Barkway');
insert into ventas_17_2 (venta_id, empleado_id, monto_venta, fecha_venta, cliente) values (83, 7, 429.8, '2023-08-11', 'Prince Fenner');
insert into ventas_17_2 (venta_id, empleado_id, monto_venta, fecha_venta, cliente) values (84, 30, 16563.75, '2022-12-16', 'Charmian Kleynermans');
insert into ventas_17_2 (venta_id, empleado_id, monto_venta, fecha_venta, cliente) values (85, 61, 18000.51, '2023-02-01', 'Stillman Hodge');
insert into ventas_17_2 (venta_id, empleado_id, monto_venta, fecha_venta, cliente) values (86, 58, 5493.02, '2024-09-08', 'Binky Goldspink');
insert into ventas_17_2 (venta_id, empleado_id, monto_venta, fecha_venta, cliente) values (87, 169, 9799.7, '2023-08-04', 'Tabina Arton');
insert into ventas_17_2 (venta_id, empleado_id, monto_venta, fecha_venta, cliente) values (88, 161, 4932.9, '2024-08-01', 'Mignonne Fitzroy');
insert into ventas_17_2 (venta_id, empleado_id, monto_venta, fecha_venta, cliente) values (89, 99, 5782.61, '2024-03-16', 'Auguste Kleinerman');
insert into ventas_17_2 (venta_id, empleado_id, monto_venta, fecha_venta, cliente) values (90, 19, 9399.36, '2023-09-02', 'Morton Hrinchishin');
insert into ventas_17_2 (venta_id, empleado_id, monto_venta, fecha_venta, cliente) values (91, 78, 6160.62, '2023-05-07', 'Jourdain Latour');
insert into ventas_17_2 (venta_id, empleado_id, monto_venta, fecha_venta, cliente) values (92, 78, 2890.01, '2024-05-12', 'Opal Winteringham');
insert into ventas_17_2 (venta_id, empleado_id, monto_venta, fecha_venta, cliente) values (93, 117, 16027.77, '2023-12-09', 'Yvor Whightman');
insert into ventas_17_2 (venta_id, empleado_id, monto_venta, fecha_venta, cliente) values (94, 133, 4431.95, '2023-09-07', 'Val Drews');
insert into ventas_17_2 (venta_id, empleado_id, monto_venta, fecha_venta, cliente) values (95, 159, 17848.73, '2022-10-23', 'Jody Artz');
insert into ventas_17_2 (venta_id, empleado_id, monto_venta, fecha_venta, cliente) values (96, 198, 4863.55, '2024-07-30', 'Goddard Paladino');
insert into ventas_17_2 (venta_id, empleado_id, monto_venta, fecha_venta, cliente) values (97, 38, 357.16, '2024-04-08', 'Costa Blasing');
insert into ventas_17_2 (venta_id, empleado_id, monto_venta, fecha_venta, cliente) values (98, 125, 9266.66, '2023-11-21', 'Basilio MacCollom');
insert into ventas_17_2 (venta_id, empleado_id, monto_venta, fecha_venta, cliente) values (99, 155, 18456.16, '2023-12-25', 'Sayres Gilluley');
insert into ventas_17_2 (venta_id, empleado_id, monto_venta, fecha_venta, cliente) values (100, 162, 3504.24, '2023-07-09', 'Blinni Glavis');
insert into ventas_17_2 (venta_id, empleado_id, monto_venta, fecha_venta, cliente) values (101, 143, 17104.48, '2024-08-06', 'Averil Jell');
insert into ventas_17_2 (venta_id, empleado_id, monto_venta, fecha_venta, cliente) values (102, 182, 15734.45, '2022-12-27', 'Stacey Jotham');
insert into ventas_17_2 (venta_id, empleado_id, monto_venta, fecha_venta, cliente) values (103, 193, 15272.71, '2024-01-21', 'Norene Meachen');
insert into ventas_17_2 (venta_id, empleado_id, monto_venta, fecha_venta, cliente) values (104, 158, 17874.49, '2024-08-15', 'Marve Lawlie');
insert into ventas_17_2 (venta_id, empleado_id, monto_venta, fecha_venta, cliente) values (105, 133, 9612.84, '2023-05-25', 'Marchall Goodbairn');
insert into ventas_17_2 (venta_id, empleado_id, monto_venta, fecha_venta, cliente) values (106, 77, 4850.07, '2022-12-25', 'Hyacinthe Bendelow');
insert into ventas_17_2 (venta_id, empleado_id, monto_venta, fecha_venta, cliente) values (107, 116, 6587.84, '2023-07-19', 'Greta Algar');
insert into ventas_17_2 (venta_id, empleado_id, monto_venta, fecha_venta, cliente) values (108, 196, 11593.84, '2024-06-06', 'Muffin Rotter');
insert into ventas_17_2 (venta_id, empleado_id, monto_venta, fecha_venta, cliente) values (109, 78, 5150.94, '2024-01-30', 'Evelina Seagood');
insert into ventas_17_2 (venta_id, empleado_id, monto_venta, fecha_venta, cliente) values (110, 51, 4142.81, '2024-02-04', 'Willis Sahlstrom');
insert into ventas_17_2 (venta_id, empleado_id, monto_venta, fecha_venta, cliente) values (111, 88, 7474.14, '2024-03-24', 'Selinda Becke');
insert into ventas_17_2 (venta_id, empleado_id, monto_venta, fecha_venta, cliente) values (112, 25, 16006.17, '2024-04-25', 'Marylynne Konig');
insert into ventas_17_2 (venta_id, empleado_id, monto_venta, fecha_venta, cliente) values (113, 66, 14279.26, '2023-02-16', 'Kingsley Smallpeace');
insert into ventas_17_2 (venta_id, empleado_id, monto_venta, fecha_venta, cliente) values (114, 125, 3271.8, '2023-06-20', 'Carmelia Brewer');
insert into ventas_17_2 (venta_id, empleado_id, monto_venta, fecha_venta, cliente) values (115, 26, 16661.48, '2024-01-05', 'Gelya Perkinson');
insert into ventas_17_2 (venta_id, empleado_id, monto_venta, fecha_venta, cliente) values (116, 154, 16610.8, '2023-05-05', 'Walsh Klainer');
insert into ventas_17_2 (venta_id, empleado_id, monto_venta, fecha_venta, cliente) values (117, 119, 13582.0, '2023-03-15', 'Brendon Stones');
insert into ventas_17_2 (venta_id, empleado_id, monto_venta, fecha_venta, cliente) values (118, 126, 15852.28, '2023-12-11', 'Clemente Doll');
insert into ventas_17_2 (venta_id, empleado_id, monto_venta, fecha_venta, cliente) values (119, 192, 19956.01, '2023-07-21', 'Pail Simacek');
insert into ventas_17_2 (venta_id, empleado_id, monto_venta, fecha_venta, cliente) values (120, 163, 8510.31, '2024-04-20', 'Bellina O''Hartnett');
insert into ventas_17_2 (venta_id, empleado_id, monto_venta, fecha_venta, cliente) values (121, 151, 17424.62, '2024-06-15', 'Russ Cash');
insert into ventas_17_2 (venta_id, empleado_id, monto_venta, fecha_venta, cliente) values (122, 150, 18854.55, '2022-10-21', 'Davin Shelf');
insert into ventas_17_2 (venta_id, empleado_id, monto_venta, fecha_venta, cliente) values (123, 81, 19311.39, '2023-04-23', 'Neely Sheryn');
insert into ventas_17_2 (venta_id, empleado_id, monto_venta, fecha_venta, cliente) values (124, 42, 780.85, '2024-03-08', 'Kitti Brand');
insert into ventas_17_2 (venta_id, empleado_id, monto_venta, fecha_venta, cliente) values (125, 32, 18657.96, '2022-11-17', 'Mady Jackman');
insert into ventas_17_2 (venta_id, empleado_id, monto_venta, fecha_venta, cliente) values (126, 119, 16408.62, '2023-05-07', 'Cynthia Tibalt');
insert into ventas_17_2 (venta_id, empleado_id, monto_venta, fecha_venta, cliente) values (127, 197, 8930.2, '2024-03-25', 'Madelon Stockman');
insert into ventas_17_2 (venta_id, empleado_id, monto_venta, fecha_venta, cliente) values (128, 47, 3924.65, '2024-02-27', 'Arvie Lismore');
insert into ventas_17_2 (venta_id, empleado_id, monto_venta, fecha_venta, cliente) values (129, 158, 18813.04, '2024-09-07', 'Giavani Lanigan');
insert into ventas_17_2 (venta_id, empleado_id, monto_venta, fecha_venta, cliente) values (130, 109, 18277.53, '2023-07-13', 'Colette Mitchener');
insert into ventas_17_2 (venta_id, empleado_id, monto_venta, fecha_venta, cliente) values (131, 133, 19438.24, '2022-10-12', 'My Tregiddo');
insert into ventas_17_2 (venta_id, empleado_id, monto_venta, fecha_venta, cliente) values (132, 145, 9629.04, '2024-02-15', 'Rachele Goodchild');
insert into ventas_17_2 (venta_id, empleado_id, monto_venta, fecha_venta, cliente) values (133, 52, 13758.66, '2024-03-19', 'Ly Wilkisson');
insert into ventas_17_2 (venta_id, empleado_id, monto_venta, fecha_venta, cliente) values (134, 72, 1686.72, '2023-01-09', 'Hayyim Flarity');
insert into ventas_17_2 (venta_id, empleado_id, monto_venta, fecha_venta, cliente) values (135, 166, 10351.73, '2022-12-08', 'Lind Holtom');
insert into ventas_17_2 (venta_id, empleado_id, monto_venta, fecha_venta, cliente) values (136, 184, 4300.17, '2022-10-11', 'Wade Bennedsen');
insert into ventas_17_2 (venta_id, empleado_id, monto_venta, fecha_venta, cliente) values (137, 161, 19021.37, '2024-01-11', 'Alford Stubbings');
insert into ventas_17_2 (venta_id, empleado_id, monto_venta, fecha_venta, cliente) values (138, 66, 16530.92, '2023-07-27', 'Ulla Strathearn');
insert into ventas_17_2 (venta_id, empleado_id, monto_venta, fecha_venta, cliente) values (139, 171, 5247.97, '2023-10-03', 'Korry Jellico');
insert into ventas_17_2 (venta_id, empleado_id, monto_venta, fecha_venta, cliente) values (140, 4, 17233.64, '2024-05-07', 'Tera Kondratenya');
insert into ventas_17_2 (venta_id, empleado_id, monto_venta, fecha_venta, cliente) values (141, 35, 6749.34, '2023-06-09', 'Madge Follit');
insert into ventas_17_2 (venta_id, empleado_id, monto_venta, fecha_venta, cliente) values (142, 100, 9315.32, '2023-06-30', 'Elnora Drayton');
insert into ventas_17_2 (venta_id, empleado_id, monto_venta, fecha_venta, cliente) values (143, 8, 16400.61, '2023-03-05', 'Gunilla Jeness');
insert into ventas_17_2 (venta_id, empleado_id, monto_venta, fecha_venta, cliente) values (144, 62, 17131.11, '2024-01-15', 'King McFadzean');
insert into ventas_17_2 (venta_id, empleado_id, monto_venta, fecha_venta, cliente) values (145, 138, 2550.04, '2024-07-15', 'Sidney Dobbyn');
insert into ventas_17_2 (venta_id, empleado_id, monto_venta, fecha_venta, cliente) values (146, 167, 8561.9, '2023-02-26', 'Tiebold Heyfield');
insert into ventas_17_2 (venta_id, empleado_id, monto_venta, fecha_venta, cliente) values (147, 13, 13635.53, '2023-09-20', 'Alexis Kirby');
insert into ventas_17_2 (venta_id, empleado_id, monto_venta, fecha_venta, cliente) values (148, 31, 8751.47, '2022-12-06', 'Gipsy Tremmel');
insert into ventas_17_2 (venta_id, empleado_id, monto_venta, fecha_venta, cliente) values (149, 193, 11386.35, '2023-06-04', 'Britte Donner');
insert into ventas_17_2 (venta_id, empleado_id, monto_venta, fecha_venta, cliente) values (150, 184, 796.26, '2023-10-08', 'Mona Eller');
insert into ventas_17_2 (venta_id, empleado_id, monto_venta, fecha_venta, cliente) values (151, 151, 10226.41, '2024-02-06', 'Petronia Domerq');
insert into ventas_17_2 (venta_id, empleado_id, monto_venta, fecha_venta, cliente) values (152, 137, 1422.81, '2023-08-01', 'Woodie Klessmann');
insert into ventas_17_2 (venta_id, empleado_id, monto_venta, fecha_venta, cliente) values (153, 104, 13248.14, '2024-06-08', 'Devonne Mayoh');
insert into ventas_17_2 (venta_id, empleado_id, monto_venta, fecha_venta, cliente) values (154, 180, 14110.74, '2024-04-24', 'Joannes Kinkaid');
insert into ventas_17_2 (venta_id, empleado_id, monto_venta, fecha_venta, cliente) values (155, 104, 11252.72, '2024-08-03', 'Calli Dennidge');
insert into ventas_17_2 (venta_id, empleado_id, monto_venta, fecha_venta, cliente) values (156, 104, 4039.11, '2023-11-28', 'Lissy Glyn');
insert into ventas_17_2 (venta_id, empleado_id, monto_venta, fecha_venta, cliente) values (157, 49, 7350.26, '2024-09-08', 'Hazel Hampshire');
insert into ventas_17_2 (venta_id, empleado_id, monto_venta, fecha_venta, cliente) values (158, 45, 13819.83, '2023-05-16', 'Rockwell Gartshore');
insert into ventas_17_2 (venta_id, empleado_id, monto_venta, fecha_venta, cliente) values (159, 94, 9750.57, '2024-02-04', 'Juanita O''Cridigan');
insert into ventas_17_2 (venta_id, empleado_id, monto_venta, fecha_venta, cliente) values (160, 138, 1281.3, '2023-11-22', 'Mortie Duffit');
insert into ventas_17_2 (venta_id, empleado_id, monto_venta, fecha_venta, cliente) values (161, 190, 18584.38, '2023-05-06', 'Gusella Schwanden');
insert into ventas_17_2 (venta_id, empleado_id, monto_venta, fecha_venta, cliente) values (162, 174, 14728.22, '2023-03-10', 'Culver Fassbindler');
insert into ventas_17_2 (venta_id, empleado_id, monto_venta, fecha_venta, cliente) values (163, 76, 11266.04, '2023-05-09', 'Myrta Leisman');
insert into ventas_17_2 (venta_id, empleado_id, monto_venta, fecha_venta, cliente) values (164, 20, 12769.29, '2023-01-12', 'Ilse Hellmore');
insert into ventas_17_2 (venta_id, empleado_id, monto_venta, fecha_venta, cliente) values (165, 108, 8830.47, '2024-01-26', 'Adriana Tandy');
insert into ventas_17_2 (venta_id, empleado_id, monto_venta, fecha_venta, cliente) values (166, 26, 17382.99, '2023-01-14', 'Anastasia Letts');
insert into ventas_17_2 (venta_id, empleado_id, monto_venta, fecha_venta, cliente) values (167, 116, 8340.03, '2023-10-17', 'Tansy Skip');
insert into ventas_17_2 (venta_id, empleado_id, monto_venta, fecha_venta, cliente) values (168, 161, 3708.85, '2023-07-17', 'Petey Ritmeier');
insert into ventas_17_2 (venta_id, empleado_id, monto_venta, fecha_venta, cliente) values (169, 60, 7455.29, '2023-11-05', 'Heda Oakland');
insert into ventas_17_2 (venta_id, empleado_id, monto_venta, fecha_venta, cliente) values (170, 4, 9546.27, '2023-04-26', 'Armand Norcliff');
insert into ventas_17_2 (venta_id, empleado_id, monto_venta, fecha_venta, cliente) values (171, 163, 13377.35, '2023-10-11', 'Basilio Jirsa');
insert into ventas_17_2 (venta_id, empleado_id, monto_venta, fecha_venta, cliente) values (172, 7, 2434.23, '2023-05-19', 'Rickard Davisson');
insert into ventas_17_2 (venta_id, empleado_id, monto_venta, fecha_venta, cliente) values (173, 190, 12981.58, '2023-01-04', 'Sande Giraudou');
insert into ventas_17_2 (venta_id, empleado_id, monto_venta, fecha_venta, cliente) values (174, 178, 7191.42, '2023-02-09', 'Aundrea Currington');
insert into ventas_17_2 (venta_id, empleado_id, monto_venta, fecha_venta, cliente) values (175, 150, 12152.12, '2024-08-21', 'Tana Sibray');
insert into ventas_17_2 (venta_id, empleado_id, monto_venta, fecha_venta, cliente) values (176, 125, 9111.3, '2024-07-28', 'Emylee Serjeant');
insert into ventas_17_2 (venta_id, empleado_id, monto_venta, fecha_venta, cliente) values (177, 3, 11520.01, '2022-10-12', 'Gawen Penley');
insert into ventas_17_2 (venta_id, empleado_id, monto_venta, fecha_venta, cliente) values (178, 72, 7285.55, '2023-09-19', 'Dillie Harriagn');
insert into ventas_17_2 (venta_id, empleado_id, monto_venta, fecha_venta, cliente) values (179, 12, 1610.91, '2023-05-18', 'Tucker Drackford');
insert into ventas_17_2 (venta_id, empleado_id, monto_venta, fecha_venta, cliente) values (180, 88, 15127.02, '2024-06-14', 'Cordie Chalmers');
insert into ventas_17_2 (venta_id, empleado_id, monto_venta, fecha_venta, cliente) values (181, 18, 16660.61, '2024-07-19', 'Wake Click');
insert into ventas_17_2 (venta_id, empleado_id, monto_venta, fecha_venta, cliente) values (182, 155, 14842.49, '2023-01-26', 'Martie Grennan');
insert into ventas_17_2 (venta_id, empleado_id, monto_venta, fecha_venta, cliente) values (183, 37, 13139.64, '2022-11-29', 'Hilliary Malinson');
insert into ventas_17_2 (venta_id, empleado_id, monto_venta, fecha_venta, cliente) values (184, 174, 8446.83, '2023-07-26', 'Bunny Seekings');
insert into ventas_17_2 (venta_id, empleado_id, monto_venta, fecha_venta, cliente) values (185, 8, 10721.11, '2022-11-04', 'Helyn Matignon');
insert into ventas_17_2 (venta_id, empleado_id, monto_venta, fecha_venta, cliente) values (186, 69, 8125.62, '2023-03-07', 'Lucky Cesconi');
insert into ventas_17_2 (venta_id, empleado_id, monto_venta, fecha_venta, cliente) values (187, 175, 12885.8, '2024-09-05', 'Lionello Lensch');
insert into ventas_17_2 (venta_id, empleado_id, monto_venta, fecha_venta, cliente) values (188, 109, 11402.45, '2023-04-26', 'Jocelyn Playhill');
insert into ventas_17_2 (venta_id, empleado_id, monto_venta, fecha_venta, cliente) values (189, 127, 17466.29, '2023-06-16', 'Gabriello Brouard');
insert into ventas_17_2 (venta_id, empleado_id, monto_venta, fecha_venta, cliente) values (190, 103, 4027.88, '2022-12-19', 'Darnall Southgate');
insert into ventas_17_2 (venta_id, empleado_id, monto_venta, fecha_venta, cliente) values (191, 87, 18461.86, '2023-05-03', 'Fanni Brecon');
insert into ventas_17_2 (venta_id, empleado_id, monto_venta, fecha_venta, cliente) values (192, 13, 8058.81, '2024-07-09', 'Chiarra Ligerton');
insert into ventas_17_2 (venta_id, empleado_id, monto_venta, fecha_venta, cliente) values (193, 34, 2157.71, '2023-11-03', 'Kynthia Babin');
insert into ventas_17_2 (venta_id, empleado_id, monto_venta, fecha_venta, cliente) values (194, 183, 9641.88, '2023-04-18', 'Jessie Heinlein');
insert into ventas_17_2 (venta_id, empleado_id, monto_venta, fecha_venta, cliente) values (195, 25, 18220.95, '2023-01-28', 'Helsa O''Keenan');
insert into ventas_17_2 (venta_id, empleado_id, monto_venta, fecha_venta, cliente) values (196, 145, 19171.38, '2024-04-08', 'Charlean MacNeice');
insert into ventas_17_2 (venta_id, empleado_id, monto_venta, fecha_venta, cliente) values (197, 99, 293.94, '2024-08-31', 'Skippy Duckels');
insert into ventas_17_2 (venta_id, empleado_id, monto_venta, fecha_venta, cliente) values (198, 170, 5303.44, '2023-07-21', 'Alleyn Plowell');
insert into ventas_17_2 (venta_id, empleado_id, monto_venta, fecha_venta, cliente) values (199, 143, 13835.6, '2023-05-25', 'Ofella Cross');
insert into ventas_17_2 (venta_id, empleado_id, monto_venta, fecha_venta, cliente) values (200, 112, 18289.04, '2023-06-29', 'Innis Schneidau');

insert into inventario_productos_17_2 (producto_id, nombre_producto, cantidad_stock, precio_unitario, proveedor) values (1, 'Voyage to the Bottom of the Sea', 166, 960.85, 'Major Banks');
insert into inventario_productos_17_2 (producto_id, nombre_producto, cantidad_stock, precio_unitario, proveedor) values (2, 'Six Days Seven Nights', 167, 661.59, 'Major Banks');
insert into inventario_productos_17_2 (producto_id, nombre_producto, cantidad_stock, precio_unitario, proveedor) values (3, 'Jew Sss (Jud S)', 65, 59.08, 'n/a');
insert into inventario_productos_17_2 (producto_id, nombre_producto, cantidad_stock, precio_unitario, proveedor) values (4, 'Stray Dog (Nora inu)', 10, 567.85, 'Services-Misc. Amusement & Recreation');
insert into inventario_productos_17_2 (producto_id, nombre_producto, cantidad_stock, precio_unitario, proveedor) values (5, 'Choke', 190, 999.63, 'Television Services');
insert into inventario_productos_17_2 (producto_id, nombre_producto, cantidad_stock, precio_unitario, proveedor) values (6, 'Saving Grace', 14, 660.87, 'Other Consumer Services');
insert into inventario_productos_17_2 (producto_id, nombre_producto, cantidad_stock, precio_unitario, proveedor) values (7, 'That Touch of Mink', 101, 416.26, 'Investment Bankers/Brokers/Service');
insert into inventario_productos_17_2 (producto_id, nombre_producto, cantidad_stock, precio_unitario, proveedor) values (8, 'The D Train', 119, 53.04, 'Other Consumer Services');
insert into inventario_productos_17_2 (producto_id, nombre_producto, cantidad_stock, precio_unitario, proveedor) values (9, 'Bio-Dome', 71, 961.6, 'Computer Software: Prepackaged Software');
insert into inventario_productos_17_2 (producto_id, nombre_producto, cantidad_stock, precio_unitario, proveedor) values (10, 'Grand Maneuver, The (Les grandes manoeuvres)', 19, 671.2, 'Real Estate Investment Trusts');
insert into inventario_productos_17_2 (producto_id, nombre_producto, cantidad_stock, precio_unitario, proveedor) values (11, 'Upstairs and Downstairs', 76, 135.58, 'Semiconductors');
insert into inventario_productos_17_2 (producto_id, nombre_producto, cantidad_stock, precio_unitario, proveedor) values (12, 'Corky Romano', 158, 310.18, 'Business Services');
insert into inventario_productos_17_2 (producto_id, nombre_producto, cantidad_stock, precio_unitario, proveedor) values (13, '2LDK', 88, 76.23, 'Business Services');
insert into inventario_productos_17_2 (producto_id, nombre_producto, cantidad_stock, precio_unitario, proveedor) values (14, 'Helter Skelter', 187, 65.23, 'Hotels/Resorts');
insert into inventario_productos_17_2 (producto_id, nombre_producto, cantidad_stock, precio_unitario, proveedor) values (15, 'Mooz-lum', 74, 162.48, 'n/a');
insert into inventario_productos_17_2 (producto_id, nombre_producto, cantidad_stock, precio_unitario, proveedor) values (16, 'Sherlock Jr.', 155, 514.55, 'n/a');
insert into inventario_productos_17_2 (producto_id, nombre_producto, cantidad_stock, precio_unitario, proveedor) values (17, 'Little Soldier (Lille soldat)', 49, 736.08, 'Containers/Packaging');
insert into inventario_productos_17_2 (producto_id, nombre_producto, cantidad_stock, precio_unitario, proveedor) values (18, 'Jimmy Hollywood', 81, 837.69, 'Business Services');
insert into inventario_productos_17_2 (producto_id, nombre_producto, cantidad_stock, precio_unitario, proveedor) values (19, 'The Flower', 44, 500.21, 'Major Banks');
insert into inventario_productos_17_2 (producto_id, nombre_producto, cantidad_stock, precio_unitario, proveedor) values (20, 'Anything for Her (Pour elle)', 49, 437.82, 'Biotechnology: Biological Products (No Diagnostic Substances)');
insert into inventario_productos_17_2 (producto_id, nombre_producto, cantidad_stock, precio_unitario, proveedor) values (21, '5 Broken Cameras', 184, 66.6, 'n/a');
insert into inventario_productos_17_2 (producto_id, nombre_producto, cantidad_stock, precio_unitario, proveedor) values (22, 'Bells Are Ringing', 141, 61.07, 'n/a');
insert into inventario_productos_17_2 (producto_id, nombre_producto, cantidad_stock, precio_unitario, proveedor) values (23, 'Kikujiro (Kikujir no natsu)', 153, 238.51, 'Investment Bankers/Brokers/Service');
insert into inventario_productos_17_2 (producto_id, nombre_producto, cantidad_stock, precio_unitario, proveedor) values (24, 'Tree of Life, The', 125, 492.92, 'Forest Products');
insert into inventario_productos_17_2 (producto_id, nombre_producto, cantidad_stock, precio_unitario, proveedor) values (25, 'Merry Widow, The', 177, 79.74, 'Coal Mining');
insert into inventario_productos_17_2 (producto_id, nombre_producto, cantidad_stock, precio_unitario, proveedor) values (26, 'King of Germany', 81, 838.06, 'Industrial Machinery/Components');
insert into inventario_productos_17_2 (producto_id, nombre_producto, cantidad_stock, precio_unitario, proveedor) values (27, 'Little Giants', 32, 849.18, 'Home Furnishings');
insert into inventario_productos_17_2 (producto_id, nombre_producto, cantidad_stock, precio_unitario, proveedor) values (28, 'Northfork', 137, 856.13, 'n/a');
insert into inventario_productos_17_2 (producto_id, nombre_producto, cantidad_stock, precio_unitario, proveedor) values (29, 'Konga', 38, 96.97, 'Real Estate Investment Trusts');
insert into inventario_productos_17_2 (producto_id, nombre_producto, cantidad_stock, precio_unitario, proveedor) values (30, 'Lost & Found', 129, 818.88, 'Business Services');
insert into inventario_productos_17_2 (producto_id, nombre_producto, cantidad_stock, precio_unitario, proveedor) values (31, 'Dogville', 97, 332.68, 'n/a');
insert into inventario_productos_17_2 (producto_id, nombre_producto, cantidad_stock, precio_unitario, proveedor) values (32, 'Fearless Hyena II (Long teng hu yue)', 61, 31.1, 'Medical/Dental Instruments');
insert into inventario_productos_17_2 (producto_id, nombre_producto, cantidad_stock, precio_unitario, proveedor) values (33, 'Everybody Wins', 47, 391.68, 'Water Supply');
insert into inventario_productos_17_2 (producto_id, nombre_producto, cantidad_stock, precio_unitario, proveedor) values (34, 'Man in the Iron Mask, The', 186, 380.07, 'n/a');
insert into inventario_productos_17_2 (producto_id, nombre_producto, cantidad_stock, precio_unitario, proveedor) values (35, 'Aftershock', 119, 311.33, 'Electric Utilities: Central');
insert into inventario_productos_17_2 (producto_id, nombre_producto, cantidad_stock, precio_unitario, proveedor) values (36, 'Laugh, Clown, Laugh', 133, 953.43, 'Radio And Television Broadcasting And Communications Equipment');
insert into inventario_productos_17_2 (producto_id, nombre_producto, cantidad_stock, precio_unitario, proveedor) values (37, 'Sword of the Valiant', 135, 800.58, 'n/a');
insert into inventario_productos_17_2 (producto_id, nombre_producto, cantidad_stock, precio_unitario, proveedor) values (38, 'Twister', 69, 221.58, 'Telecommunications Equipment');
insert into inventario_productos_17_2 (producto_id, nombre_producto, cantidad_stock, precio_unitario, proveedor) values (39, 'Super, The', 90, 598.52, 'Mining & Quarrying of Nonmetallic Minerals (No Fuels)');
insert into inventario_productos_17_2 (producto_id, nombre_producto, cantidad_stock, precio_unitario, proveedor) values (40, 'Boy in the Striped Pajamas, The (Boy in the Striped Pyjamas, The)', 61, 486.16, 'n/a');
insert into inventario_productos_17_2 (producto_id, nombre_producto, cantidad_stock, precio_unitario, proveedor) values (41, 'Naked in New York', 74, 339.54, 'n/a');
insert into inventario_productos_17_2 (producto_id, nombre_producto, cantidad_stock, precio_unitario, proveedor) values (42, 'Coriolanus', 126, 368.74, 'n/a');
insert into inventario_productos_17_2 (producto_id, nombre_producto, cantidad_stock, precio_unitario, proveedor) values (43, 'Happiness Never Comes Alone (Un bonheur n''arrive jamais seul)', 178, 689.41, 'n/a');
insert into inventario_productos_17_2 (producto_id, nombre_producto, cantidad_stock, precio_unitario, proveedor) values (44, 'Dylan Moran Live: What It Is', 31, 913.23, 'n/a');
insert into inventario_productos_17_2 (producto_id, nombre_producto, cantidad_stock, precio_unitario, proveedor) values (45, 'Cane Toads: The Conquest', 131, 730.96, 'Electronic Components');
insert into inventario_productos_17_2 (producto_id, nombre_producto, cantidad_stock, precio_unitario, proveedor) values (46, 'Eat', 57, 732.49, 'Office Equipment/Supplies/Services');
insert into inventario_productos_17_2 (producto_id, nombre_producto, cantidad_stock, precio_unitario, proveedor) values (47, 'Lake Placid', 167, 104.59, 'Apparel');
insert into inventario_productos_17_2 (producto_id, nombre_producto, cantidad_stock, precio_unitario, proveedor) values (48, 'Very Annie Mary', 110, 997.43, 'Semiconductors');
insert into inventario_productos_17_2 (producto_id, nombre_producto, cantidad_stock, precio_unitario, proveedor) values (49, 'Amati Girls, The', 100, 802.87, 'Property-Casualty Insurers');
insert into inventario_productos_17_2 (producto_id, nombre_producto, cantidad_stock, precio_unitario, proveedor) values (50, 'Revolver', 148, 592.56, 'Computer Software: Prepackaged Software');
insert into inventario_productos_17_2 (producto_id, nombre_producto, cantidad_stock, precio_unitario, proveedor) values (51, 'Kids for Cash', 79, 540.34, 'n/a');
insert into inventario_productos_17_2 (producto_id, nombre_producto, cantidad_stock, precio_unitario, proveedor) values (52, 'Asphalt Playground (La cit rose)', 46, 885.25, 'Finance/Investors Services');
insert into inventario_productos_17_2 (producto_id, nombre_producto, cantidad_stock, precio_unitario, proveedor) values (53, 'The Brass Legend', 24, 425.71, 'Major Banks');
insert into inventario_productos_17_2 (producto_id, nombre_producto, cantidad_stock, precio_unitario, proveedor) values (54, 'Caliber 9', 185, 412.45, 'n/a');
insert into inventario_productos_17_2 (producto_id, nombre_producto, cantidad_stock, precio_unitario, proveedor) values (55, 'King of New York', 45, 72.51, 'Biotechnology: In Vitro & In Vivo Diagnostic Substances');
insert into inventario_productos_17_2 (producto_id, nombre_producto, cantidad_stock, precio_unitario, proveedor) values (56, 'Suzy', 53, 925.96, 'n/a');
insert into inventario_productos_17_2 (producto_id, nombre_producto, cantidad_stock, precio_unitario, proveedor) values (57, 'Cannonball Run, The', 132, 524.11, 'Specialty Chemicals');
insert into inventario_productos_17_2 (producto_id, nombre_producto, cantidad_stock, precio_unitario, proveedor) values (58, 'Terms of Endearment', 38, 478.31, 'Computer Software: Prepackaged Software');
insert into inventario_productos_17_2 (producto_id, nombre_producto, cantidad_stock, precio_unitario, proveedor) values (59, 'Magic Mike', 154, 596.89, 'Oil & Gas Production');
insert into inventario_productos_17_2 (producto_id, nombre_producto, cantidad_stock, precio_unitario, proveedor) values (60, 'Scream, Blacula, Scream!', 44, 659.61, 'Electric Utilities: Central');
insert into inventario_productos_17_2 (producto_id, nombre_producto, cantidad_stock, precio_unitario, proveedor) values (61, 'For All Mankind', 7, 773.59, 'Electric Utilities: Central');
insert into inventario_productos_17_2 (producto_id, nombre_producto, cantidad_stock, precio_unitario, proveedor) values (62, 'Daughters of Darkness (Les lvres rouges)', 35, 366.39, 'n/a');
insert into inventario_productos_17_2 (producto_id, nombre_producto, cantidad_stock, precio_unitario, proveedor) values (63, 'Dragon Ball Z: Wrath of the Dragon (Doragon bru Z 13: Ryken bakuhatsu!! Gok ga yaraneba dare ga yaru)', 59, 922.15, 'Ophthalmic Goods');
insert into inventario_productos_17_2 (producto_id, nombre_producto, cantidad_stock, precio_unitario, proveedor) values (64, 'Hitler: A Film from Germany (Hitler - ein Film aus Deutschland)', 176, 42.49, 'Air Freight/Delivery Services');
insert into inventario_productos_17_2 (producto_id, nombre_producto, cantidad_stock, precio_unitario, proveedor) values (65, 'Wild Tigers I Have Known', 168, 979.58, 'Water Supply');
insert into inventario_productos_17_2 (producto_id, nombre_producto, cantidad_stock, precio_unitario, proveedor) values (66, 'Adult Camp', 171, 841.77, 'Precious Metals');
insert into inventario_productos_17_2 (producto_id, nombre_producto, cantidad_stock, precio_unitario, proveedor) values (67, 'Twilight', 57, 884.62, 'n/a');
insert into inventario_productos_17_2 (producto_id, nombre_producto, cantidad_stock, precio_unitario, proveedor) values (68, 'Hilary and Jackie', 80, 614.84, 'Farming/Seeds/Milling');
insert into inventario_productos_17_2 (producto_id, nombre_producto, cantidad_stock, precio_unitario, proveedor) values (69, 'Robin Hood', 183, 879.67, 'n/a');
insert into inventario_productos_17_2 (producto_id, nombre_producto, cantidad_stock, precio_unitario, proveedor) values (70, 'Marley & Me: The Puppy Years', 125, 258.42, 'n/a');
insert into inventario_productos_17_2 (producto_id, nombre_producto, cantidad_stock, precio_unitario, proveedor) values (71, 'Juvenile Court', 0, 978.57, 'n/a');
insert into inventario_productos_17_2 (producto_id, nombre_producto, cantidad_stock, precio_unitario, proveedor) values (72, 'Half Past Dead', 54, 872.22, 'n/a');
insert into inventario_productos_17_2 (producto_id, nombre_producto, cantidad_stock, precio_unitario, proveedor) values (73, 'Picture Perfect', 180, 375.21, 'Hotels/Resorts');
insert into inventario_productos_17_2 (producto_id, nombre_producto, cantidad_stock, precio_unitario, proveedor) values (74, 'Itinerary of a Spoiled Child', 61, 888.1, 'Business Services');
insert into inventario_productos_17_2 (producto_id, nombre_producto, cantidad_stock, precio_unitario, proveedor) values (75, 'The Tunnel of Love', 16, 280.14, 'Computer Manufacturing');
insert into inventario_productos_17_2 (producto_id, nombre_producto, cantidad_stock, precio_unitario, proveedor) values (76, 'The Skinny', 53, 621.9, 'Railroads');
insert into inventario_productos_17_2 (producto_id, nombre_producto, cantidad_stock, precio_unitario, proveedor) values (77, 'Mr. Baseball', 150, 709.93, 'Building Products');
insert into inventario_productos_17_2 (producto_id, nombre_producto, cantidad_stock, precio_unitario, proveedor) values (78, 'X-Men: First Class', 153, 481.53, 'Oil & Gas Production');
insert into inventario_productos_17_2 (producto_id, nombre_producto, cantidad_stock, precio_unitario, proveedor) values (79, 'Acid House, The', 112, 195.59, 'Movies/Entertainment');
insert into inventario_productos_17_2 (producto_id, nombre_producto, cantidad_stock, precio_unitario, proveedor) values (80, 'Queen of Versailles, The', 181, 808.4, 'Investment Managers');
insert into inventario_productos_17_2 (producto_id, nombre_producto, cantidad_stock, precio_unitario, proveedor) values (81, 'Beautiful Person, The (La belle personne)', 154, 314.77, 'Business Services');
insert into inventario_productos_17_2 (producto_id, nombre_producto, cantidad_stock, precio_unitario, proveedor) values (82, 'Deep Sea 3D', 3, 517.25, 'Business Services');
insert into inventario_productos_17_2 (producto_id, nombre_producto, cantidad_stock, precio_unitario, proveedor) values (83, 'Metropolis', 85, 464.74, 'Business Services');
insert into inventario_productos_17_2 (producto_id, nombre_producto, cantidad_stock, precio_unitario, proveedor) values (84, 'Son of Rambow', 45, 372.72, 'n/a');
insert into inventario_productos_17_2 (producto_id, nombre_producto, cantidad_stock, precio_unitario, proveedor) values (85, 'Girl from Jones Beach, The', 1, 256.26, 'Investment Bankers/Brokers/Service');
insert into inventario_productos_17_2 (producto_id, nombre_producto, cantidad_stock, precio_unitario, proveedor) values (86, 'If....', 96, 832.61, 'Department/Specialty Retail Stores');
insert into inventario_productos_17_2 (producto_id, nombre_producto, cantidad_stock, precio_unitario, proveedor) values (87, 'Puff, Puff, Pass', 73, 726.05, 'Biotechnology: Biological Products (No Diagnostic Substances)');
insert into inventario_productos_17_2 (producto_id, nombre_producto, cantidad_stock, precio_unitario, proveedor) values (88, 'Babymother', 114, 455.56, 'Property-Casualty Insurers');
insert into inventario_productos_17_2 (producto_id, nombre_producto, cantidad_stock, precio_unitario, proveedor) values (89, 'Shadows in Paradise (Varjoja paratiisissa)', 4, 237.44, 'Investment Managers');
insert into inventario_productos_17_2 (producto_id, nombre_producto, cantidad_stock, precio_unitario, proveedor) values (90, 'Love Serenade', 33, 653.85, 'Industrial Machinery/Components');
insert into inventario_productos_17_2 (producto_id, nombre_producto, cantidad_stock, precio_unitario, proveedor) values (91, 'Never on Sunday (Pote tin Kyriaki)', 77, 764.09, 'Major Pharmaceuticals');
insert into inventario_productos_17_2 (producto_id, nombre_producto, cantidad_stock, precio_unitario, proveedor) values (92, 'Junebug', 193, 950.0, 'Integrated oil Companies');
insert into inventario_productos_17_2 (producto_id, nombre_producto, cantidad_stock, precio_unitario, proveedor) values (93, 'One in the Chamber', 147, 637.02, 'Restaurants');
insert into inventario_productos_17_2 (producto_id, nombre_producto, cantidad_stock, precio_unitario, proveedor) values (94, 'Invention of Lying, The', 166, 582.42, 'Semiconductors');
insert into inventario_productos_17_2 (producto_id, nombre_producto, cantidad_stock, precio_unitario, proveedor) values (95, 'Girasoli, I (Sunflower)', 197, 11.51, 'Major Pharmaceuticals');
insert into inventario_productos_17_2 (producto_id, nombre_producto, cantidad_stock, precio_unitario, proveedor) values (96, 'Burlesque', 118, 189.47, 'n/a');
insert into inventario_productos_17_2 (producto_id, nombre_producto, cantidad_stock, precio_unitario, proveedor) values (97, 'The Diary of Anne Frank', 54, 330.6, 'n/a');
insert into inventario_productos_17_2 (producto_id, nombre_producto, cantidad_stock, precio_unitario, proveedor) values (98, 'Bigger Than Life', 45, 601.74, 'n/a');
insert into inventario_productos_17_2 (producto_id, nombre_producto, cantidad_stock, precio_unitario, proveedor) values (99, 'Funeral, The (Ososhiki)', 191, 98.78, 'n/a');
insert into inventario_productos_17_2 (producto_id, nombre_producto, cantidad_stock, precio_unitario, proveedor) values (100, 'Homicide', 148, 141.37, 'Major Pharmaceuticals');
insert into inventario_productos_17_2 (producto_id, nombre_producto, cantidad_stock, precio_unitario, proveedor) values (101, 'Broken Sky (El cielo dividido)', 185, 910.37, 'Major Chemicals');
insert into inventario_productos_17_2 (producto_id, nombre_producto, cantidad_stock, precio_unitario, proveedor) values (102, 'Shock to the System, A', 65, 806.38, 'Hotels/Resorts');
insert into inventario_productos_17_2 (producto_id, nombre_producto, cantidad_stock, precio_unitario, proveedor) values (103, 'Call Me Crazy: A Five Film', 96, 214.32, 'Medical Specialities');
insert into inventario_productos_17_2 (producto_id, nombre_producto, cantidad_stock, precio_unitario, proveedor) values (104, 'Hijacking, A (Kapringen)', 94, 477.65, 'Biotechnology: In Vitro & In Vivo Diagnostic Substances');
insert into inventario_productos_17_2 (producto_id, nombre_producto, cantidad_stock, precio_unitario, proveedor) values (105, 'Old Man Made in Spain (Abuelo made in Spain)', 160, 917.95, 'Oil Refining/Marketing');
insert into inventario_productos_17_2 (producto_id, nombre_producto, cantidad_stock, precio_unitario, proveedor) values (106, 'Howling, The', 190, 97.69, 'Semiconductors');
insert into inventario_productos_17_2 (producto_id, nombre_producto, cantidad_stock, precio_unitario, proveedor) values (107, 'Axed', 73, 859.23, 'Diversified Commercial Services');
insert into inventario_productos_17_2 (producto_id, nombre_producto, cantidad_stock, precio_unitario, proveedor) values (108, 'Langoliers, The', 184, 153.28, 'Major Banks');
insert into inventario_productos_17_2 (producto_id, nombre_producto, cantidad_stock, precio_unitario, proveedor) values (109, 'Campfire Tales', 127, 450.13, 'n/a');
insert into inventario_productos_17_2 (producto_id, nombre_producto, cantidad_stock, precio_unitario, proveedor) values (110, 'Ceremony, The (Gishiki)', 112, 788.23, 'Professional Services');
insert into inventario_productos_17_2 (producto_id, nombre_producto, cantidad_stock, precio_unitario, proveedor) values (111, 'When Willie Comes Marching Home', 194, 805.43, 'Apparel');
insert into inventario_productos_17_2 (producto_id, nombre_producto, cantidad_stock, precio_unitario, proveedor) values (112, 'Platform (Zhantai)', 72, 532.63, 'Major Pharmaceuticals');
insert into inventario_productos_17_2 (producto_id, nombre_producto, cantidad_stock, precio_unitario, proveedor) values (113, 'That''s What I Am', 129, 945.58, 'EDP Services');
insert into inventario_productos_17_2 (producto_id, nombre_producto, cantidad_stock, precio_unitario, proveedor) values (114, 'White Noise', 78, 676.06, 'Real Estate Investment Trusts');
insert into inventario_productos_17_2 (producto_id, nombre_producto, cantidad_stock, precio_unitario, proveedor) values (115, 'Army of Crime (L''arme du crime)', 101, 676.72, 'n/a');
insert into inventario_productos_17_2 (producto_id, nombre_producto, cantidad_stock, precio_unitario, proveedor) values (116, 'Oliver!', 117, 946.84, 'Biotechnology: Biological Products (No Diagnostic Substances)');
insert into inventario_productos_17_2 (producto_id, nombre_producto, cantidad_stock, precio_unitario, proveedor) values (117, 'Elf', 30, 877.09, 'Natural Gas Distribution');
insert into inventario_productos_17_2 (producto_id, nombre_producto, cantidad_stock, precio_unitario, proveedor) values (118, 'Broken Arrow', 95, 809.11, 'Major Pharmaceuticals');
insert into inventario_productos_17_2 (producto_id, nombre_producto, cantidad_stock, precio_unitario, proveedor) values (119, 'ID:A', 158, 296.88, 'Oil & Gas Production');
insert into inventario_productos_17_2 (producto_id, nombre_producto, cantidad_stock, precio_unitario, proveedor) values (120, 'Crisis', 67, 787.98, 'Auto Parts:O.E.M.');
insert into inventario_productos_17_2 (producto_id, nombre_producto, cantidad_stock, precio_unitario, proveedor) values (121, 'Naked Prey, The', 0, 506.13, 'Major Pharmaceuticals');
insert into inventario_productos_17_2 (producto_id, nombre_producto, cantidad_stock, precio_unitario, proveedor) values (122, 'The Land Before Time VIII: The Big Freeze', 100, 613.48, 'Electric Utilities: Central');
insert into inventario_productos_17_2 (producto_id, nombre_producto, cantidad_stock, precio_unitario, proveedor) values (123, 'Walking with Monsters', 45, 808.28, 'Oil & Gas Production');
insert into inventario_productos_17_2 (producto_id, nombre_producto, cantidad_stock, precio_unitario, proveedor) values (124, 'Morocco', 194, 834.77, 'Textiles');
insert into inventario_productos_17_2 (producto_id, nombre_producto, cantidad_stock, precio_unitario, proveedor) values (125, 'Matriarch, The (Lieksa!)', 198, 420.41, 'Integrated oil Companies');
insert into inventario_productos_17_2 (producto_id, nombre_producto, cantidad_stock, precio_unitario, proveedor) values (126, 'Devil Bat, The', 138, 972.69, 'n/a');
insert into inventario_productos_17_2 (producto_id, nombre_producto, cantidad_stock, precio_unitario, proveedor) values (127, 'Mea Maxima Culpa: Silence in the House of God', 39, 744.4, 'Industrial Machinery/Components');
insert into inventario_productos_17_2 (producto_id, nombre_producto, cantidad_stock, precio_unitario, proveedor) values (128, 'Night of the Following Day, The', 74, 656.12, 'Movies/Entertainment');
insert into inventario_productos_17_2 (producto_id, nombre_producto, cantidad_stock, precio_unitario, proveedor) values (129, 'Who Framed Roger Rabbit?', 99, 371.06, 'Packaged Foods');
insert into inventario_productos_17_2 (producto_id, nombre_producto, cantidad_stock, precio_unitario, proveedor) values (130, 'Late Night Shopping', 143, 944.94, 'Commercial Banks');
insert into inventario_productos_17_2 (producto_id, nombre_producto, cantidad_stock, precio_unitario, proveedor) values (131, 'Air Raid Wardens', 161, 554.42, 'Computer Software: Prepackaged Software');
insert into inventario_productos_17_2 (producto_id, nombre_producto, cantidad_stock, precio_unitario, proveedor) values (132, 'Patty Hearst', 35, 246.98, 'Marine Transportation');
insert into inventario_productos_17_2 (producto_id, nombre_producto, cantidad_stock, precio_unitario, proveedor) values (133, 'She', 126, 774.65, 'Medical/Dental Instruments');
insert into inventario_productos_17_2 (producto_id, nombre_producto, cantidad_stock, precio_unitario, proveedor) values (134, 'Duchess, The', 76, 237.95, 'Publishing');
insert into inventario_productos_17_2 (producto_id, nombre_producto, cantidad_stock, precio_unitario, proveedor) values (135, 'Stig-Helmer Story, The', 59, 385.23, 'Major Pharmaceuticals');
insert into inventario_productos_17_2 (producto_id, nombre_producto, cantidad_stock, precio_unitario, proveedor) values (136, 'Doctor and the Devils, The', 23, 635.43, 'n/a');
insert into inventario_productos_17_2 (producto_id, nombre_producto, cantidad_stock, precio_unitario, proveedor) values (137, 'Illusionist, The (L''illusionniste)', 112, 633.25, 'Life Insurance');
insert into inventario_productos_17_2 (producto_id, nombre_producto, cantidad_stock, precio_unitario, proveedor) values (138, 'Archie To Riverdale and Back Again', 115, 800.32, 'Plastic Products');
insert into inventario_productos_17_2 (producto_id, nombre_producto, cantidad_stock, precio_unitario, proveedor) values (139, 'Jane Eyre', 43, 638.99, 'Real Estate Investment Trusts');
insert into inventario_productos_17_2 (producto_id, nombre_producto, cantidad_stock, precio_unitario, proveedor) values (140, 'Two Sons of Francisco (2 Filhos de Francisco - A Histria de Zez di Camargo & Luciano)', 12, 904.63, 'Life Insurance');
insert into inventario_productos_17_2 (producto_id, nombre_producto, cantidad_stock, precio_unitario, proveedor) values (141, 'Sweet Home Alabama', 30, 684.35, 'Medical Specialities');
insert into inventario_productos_17_2 (producto_id, nombre_producto, cantidad_stock, precio_unitario, proveedor) values (142, 'All About Steve', 18, 854.59, 'Clothing/Shoe/Accessory Stores');
insert into inventario_productos_17_2 (producto_id, nombre_producto, cantidad_stock, precio_unitario, proveedor) values (143, 'Light at the Edge of the World, The', 66, 637.6, 'Medical/Dental Instruments');
insert into inventario_productos_17_2 (producto_id, nombre_producto, cantidad_stock, precio_unitario, proveedor) values (144, 'Spare Bed-Room', 8, 846.92, 'Engineering & Construction');
insert into inventario_productos_17_2 (producto_id, nombre_producto, cantidad_stock, precio_unitario, proveedor) values (145, 'Squall, The', 131, 103.99, 'Rental/Leasing Companies');
insert into inventario_productos_17_2 (producto_id, nombre_producto, cantidad_stock, precio_unitario, proveedor) values (146, 'Re-cycle (Gwai wik)', 122, 850.16, 'Medical/Dental Instruments');
insert into inventario_productos_17_2 (producto_id, nombre_producto, cantidad_stock, precio_unitario, proveedor) values (147, 'Cutlet for Three (Ein Schnitzel fr drei)', 61, 324.08, 'Investment Managers');
insert into inventario_productos_17_2 (producto_id, nombre_producto, cantidad_stock, precio_unitario, proveedor) values (148, '3 dev adam (Three Giant Men) ', 168, 395.98, 'Business Services');
insert into inventario_productos_17_2 (producto_id, nombre_producto, cantidad_stock, precio_unitario, proveedor) values (149, 'Black Rock', 120, 495.41, 'Telecommunications Equipment');
insert into inventario_productos_17_2 (producto_id, nombre_producto, cantidad_stock, precio_unitario, proveedor) values (150, 'Invasion, The', 0, 183.87, 'Mining & Quarrying of Nonmetallic Minerals (No Fuels)');
insert into inventario_productos_17_2 (producto_id, nombre_producto, cantidad_stock, precio_unitario, proveedor) values (151, 'Fast Life', 58, 861.08, 'Major Pharmaceuticals');
insert into inventario_productos_17_2 (producto_id, nombre_producto, cantidad_stock, precio_unitario, proveedor) values (152, 'Deathwatch', 53, 353.59, 'n/a');
insert into inventario_productos_17_2 (producto_id, nombre_producto, cantidad_stock, precio_unitario, proveedor) values (153, 'Naked', 183, 489.75, 'Industrial Machinery/Components');
insert into inventario_productos_17_2 (producto_id, nombre_producto, cantidad_stock, precio_unitario, proveedor) values (154, 'Dust Factory, The', 128, 166.32, 'n/a');
insert into inventario_productos_17_2 (producto_id, nombre_producto, cantidad_stock, precio_unitario, proveedor) values (155, 'Color of Friendship, The', 190, 700.25, 'n/a');
insert into inventario_productos_17_2 (producto_id, nombre_producto, cantidad_stock, precio_unitario, proveedor) values (156, 'Prophet, A (Un Prophte)', 195, 239.49, 'n/a');
insert into inventario_productos_17_2 (producto_id, nombre_producto, cantidad_stock, precio_unitario, proveedor) values (157, 'Theodora Goes Wild', 196, 838.19, 'n/a');
insert into inventario_productos_17_2 (producto_id, nombre_producto, cantidad_stock, precio_unitario, proveedor) values (158, 'Mum & Dad', 128, 740.31, 'n/a');
insert into inventario_productos_17_2 (producto_id, nombre_producto, cantidad_stock, precio_unitario, proveedor) values (159, 'Rnarna', 11, 383.72, 'n/a');
insert into inventario_productos_17_2 (producto_id, nombre_producto, cantidad_stock, precio_unitario, proveedor) values (160, 'It Might Get Loud', 58, 207.38, 'n/a');
insert into inventario_productos_17_2 (producto_id, nombre_producto, cantidad_stock, precio_unitario, proveedor) values (161, 'Haider', 130, 560.42, 'Major Banks');
insert into inventario_productos_17_2 (producto_id, nombre_producto, cantidad_stock, precio_unitario, proveedor) values (162, 'Last Dance', 115, 288.08, 'Diversified Electronic Products');
insert into inventario_productos_17_2 (producto_id, nombre_producto, cantidad_stock, precio_unitario, proveedor) values (163, 'Today''s Special', 22, 697.72, 'n/a');
insert into inventario_productos_17_2 (producto_id, nombre_producto, cantidad_stock, precio_unitario, proveedor) values (164, 'Last Temptation of Christ, The', 65, 531.71, 'n/a');
insert into inventario_productos_17_2 (producto_id, nombre_producto, cantidad_stock, precio_unitario, proveedor) values (165, 'Boys and Girls', 109, 710.29, 'Electronic Components');
insert into inventario_productos_17_2 (producto_id, nombre_producto, cantidad_stock, precio_unitario, proveedor) values (166, 'Dead Pool, The', 174, 176.92, 'Engineering & Construction');
insert into inventario_productos_17_2 (producto_id, nombre_producto, cantidad_stock, precio_unitario, proveedor) values (167, 'Norm MacDonald: Me Doing Standup', 45, 419.84, 'Business Services');
insert into inventario_productos_17_2 (producto_id, nombre_producto, cantidad_stock, precio_unitario, proveedor) values (168, 'Hunchback of Notre Dame, The', 197, 345.96, 'Electric Utilities: Central');
insert into inventario_productos_17_2 (producto_id, nombre_producto, cantidad_stock, precio_unitario, proveedor) values (169, 'Grease 2', 14, 877.42, 'n/a');
insert into inventario_productos_17_2 (producto_id, nombre_producto, cantidad_stock, precio_unitario, proveedor) values (170, 'Keys of the Kingdom, The', 20, 661.2, 'Oil & Gas Production');
insert into inventario_productos_17_2 (producto_id, nombre_producto, cantidad_stock, precio_unitario, proveedor) values (171, 'Map For Saturday, A', 170, 448.46, 'n/a');
insert into inventario_productos_17_2 (producto_id, nombre_producto, cantidad_stock, precio_unitario, proveedor) values (172, 'Mnnerherzen... und die ganz ganz groe Liebe', 110, 387.46, 'n/a');
insert into inventario_productos_17_2 (producto_id, nombre_producto, cantidad_stock, precio_unitario, proveedor) values (173, 'Going to Kansas City', 143, 517.8, 'Hotels/Resorts');
insert into inventario_productos_17_2 (producto_id, nombre_producto, cantidad_stock, precio_unitario, proveedor) values (174, 'Misconception', 158, 259.43, 'n/a');
insert into inventario_productos_17_2 (producto_id, nombre_producto, cantidad_stock, precio_unitario, proveedor) values (175, 'Haunted Palace, The', 122, 81.53, 'Life Insurance');
insert into inventario_productos_17_2 (producto_id, nombre_producto, cantidad_stock, precio_unitario, proveedor) values (176, '13 Beloved (13 game sayawng)', 119, 457.17, 'Property-Casualty Insurers');
insert into inventario_productos_17_2 (producto_id, nombre_producto, cantidad_stock, precio_unitario, proveedor) values (177, 'Guns at Batasi', 106, 742.75, 'Department/Specialty Retail Stores');
insert into inventario_productos_17_2 (producto_id, nombre_producto, cantidad_stock, precio_unitario, proveedor) values (178, 'On Earth as It Is in Heaven (As en el cielo como en la tierra)', 192, 886.44, 'n/a');
insert into inventario_productos_17_2 (producto_id, nombre_producto, cantidad_stock, precio_unitario, proveedor) values (179, 'Brighton Beach Memoirs', 63, 269.11, 'Real Estate Investment Trusts');
insert into inventario_productos_17_2 (producto_id, nombre_producto, cantidad_stock, precio_unitario, proveedor) values (180, 'Blue Hawaii', 150, 803.11, 'Real Estate Investment Trusts');
insert into inventario_productos_17_2 (producto_id, nombre_producto, cantidad_stock, precio_unitario, proveedor) values (181, 'Game of Death, The (Le Jeu de la Mort)', 26, 22.98, 'Medical/Dental Instruments');
insert into inventario_productos_17_2 (producto_id, nombre_producto, cantidad_stock, precio_unitario, proveedor) values (182, 'The Wild Bunch: An Album in Montage', 75, 37.86, 'Packaged Foods');
insert into inventario_productos_17_2 (producto_id, nombre_producto, cantidad_stock, precio_unitario, proveedor) values (183, 'Close to Leo (Tout contre Lo)', 22, 176.07, 'Medical/Dental Instruments');
insert into inventario_productos_17_2 (producto_id, nombre_producto, cantidad_stock, precio_unitario, proveedor) values (184, 'Taking of Pelham 1 2 3, The', 192, 865.73, 'Major Banks');
insert into inventario_productos_17_2 (producto_id, nombre_producto, cantidad_stock, precio_unitario, proveedor) values (185, 'Salem''s Lot', 85, 77.91, 'n/a');
insert into inventario_productos_17_2 (producto_id, nombre_producto, cantidad_stock, precio_unitario, proveedor) values (186, 'Batman: Gotham Knight', 34, 31.21, 'Business Services');
insert into inventario_productos_17_2 (producto_id, nombre_producto, cantidad_stock, precio_unitario, proveedor) values (187, 'Gifted Hands: The Ben Carson Story', 47, 457.87, 'EDP Services');
insert into inventario_productos_17_2 (producto_id, nombre_producto, cantidad_stock, precio_unitario, proveedor) values (188, 'Waterloo Bridge', 88, 608.99, 'Oil & Gas Production');
insert into inventario_productos_17_2 (producto_id, nombre_producto, cantidad_stock, precio_unitario, proveedor) values (189, 'Donovan''s Echo', 38, 114.4, 'n/a');
insert into inventario_productos_17_2 (producto_id, nombre_producto, cantidad_stock, precio_unitario, proveedor) values (190, 'Party Monster', 22, 36.99, 'Major Banks');
insert into inventario_productos_17_2 (producto_id, nombre_producto, cantidad_stock, precio_unitario, proveedor) values (191, 'Privilege', 32, 792.74, 'n/a');
insert into inventario_productos_17_2 (producto_id, nombre_producto, cantidad_stock, precio_unitario, proveedor) values (192, 'Romance on the High Seas', 136, 672.13, 'Major Pharmaceuticals');
insert into inventario_productos_17_2 (producto_id, nombre_producto, cantidad_stock, precio_unitario, proveedor) values (193, 'Corn Island (Simindis kundzuli)', 62, 442.86, 'n/a');
insert into inventario_productos_17_2 (producto_id, nombre_producto, cantidad_stock, precio_unitario, proveedor) values (194, 'Pygmalion', 77, 161.92, 'Oil & Gas Production');
insert into inventario_productos_17_2 (producto_id, nombre_producto, cantidad_stock, precio_unitario, proveedor) values (195, 'Warriors of Heaven and Earth (Tian di ying xiong)', 55, 338.7, 'Pollution Control Equipment');
insert into inventario_productos_17_2 (producto_id, nombre_producto, cantidad_stock, precio_unitario, proveedor) values (196, 'Someone Like Him (Einer wie Bruno)', 86, 617.05, 'Restaurants');
insert into inventario_productos_17_2 (producto_id, nombre_producto, cantidad_stock, precio_unitario, proveedor) values (197, 'The Hire: Chosen', 84, 245.66, 'n/a');
insert into inventario_productos_17_2 (producto_id, nombre_producto, cantidad_stock, precio_unitario, proveedor) values (198, 'Legally Blonde', 153, 690.73, 'Electric Utilities: Central');
insert into inventario_productos_17_2 (producto_id, nombre_producto, cantidad_stock, precio_unitario, proveedor) values (199, 'Rush', 50, 233.67, 'Business Services');
insert into inventario_productos_17_2 (producto_id, nombre_producto, cantidad_stock, precio_unitario, proveedor) values (200, 'Escapist, The', 35, 324.91, 'Other Consumer Services');

insert into compras_17_2 (compra_id, producto_id, cantidad_comprada, fecha_compra, costo_total) values (1, 143, 91, '2023-02-28', 6398.48);
insert into compras_17_2 (compra_id, producto_id, cantidad_comprada, fecha_compra, costo_total) values (2, 167, 69, '2024-05-28', 2435.92);
insert into compras_17_2 (compra_id, producto_id, cantidad_comprada, fecha_compra, costo_total) values (3, 98, 189, '2023-05-15', 1094.26);
insert into compras_17_2 (compra_id, producto_id, cantidad_comprada, fecha_compra, costo_total) values (4, 126, 94, '2024-03-31', 8643.06);
insert into compras_17_2 (compra_id, producto_id, cantidad_comprada, fecha_compra, costo_total) values (5, 47, 61, '2022-10-31', 9199.64);
insert into compras_17_2 (compra_id, producto_id, cantidad_comprada, fecha_compra, costo_total) values (6, 167, 130, '2024-02-12', 5380.1);
insert into compras_17_2 (compra_id, producto_id, cantidad_comprada, fecha_compra, costo_total) values (7, 200, 174, '2023-08-27', 9639.42);
insert into compras_17_2 (compra_id, producto_id, cantidad_comprada, fecha_compra, costo_total) values (8, 184, 39, '2024-08-18', 2879.53);
insert into compras_17_2 (compra_id, producto_id, cantidad_comprada, fecha_compra, costo_total) values (9, 36, 155, '2023-12-11', 1446.25);
insert into compras_17_2 (compra_id, producto_id, cantidad_comprada, fecha_compra, costo_total) values (10, 162, 158, '2024-08-31', 5350.63);
insert into compras_17_2 (compra_id, producto_id, cantidad_comprada, fecha_compra, costo_total) values (11, 115, 115, '2023-03-25', 1863.18);
insert into compras_17_2 (compra_id, producto_id, cantidad_comprada, fecha_compra, costo_total) values (12, 158, 37, '2024-03-16', 2997.03);
insert into compras_17_2 (compra_id, producto_id, cantidad_comprada, fecha_compra, costo_total) values (13, 152, 177, '2023-04-28', 63.18);
insert into compras_17_2 (compra_id, producto_id, cantidad_comprada, fecha_compra, costo_total) values (14, 148, 174, '2023-11-03', 8227.83);
insert into compras_17_2 (compra_id, producto_id, cantidad_comprada, fecha_compra, costo_total) values (15, 114, 106, '2022-11-13', 8784.13);
insert into compras_17_2 (compra_id, producto_id, cantidad_comprada, fecha_compra, costo_total) values (16, 57, 135, '2024-05-22', 9148.15);
insert into compras_17_2 (compra_id, producto_id, cantidad_comprada, fecha_compra, costo_total) values (17, 133, 120, '2023-09-16', 542.51);
insert into compras_17_2 (compra_id, producto_id, cantidad_comprada, fecha_compra, costo_total) values (18, 4, 143, '2023-09-27', 1648.47);
insert into compras_17_2 (compra_id, producto_id, cantidad_comprada, fecha_compra, costo_total) values (19, 139, 41, '2024-05-01', 2037.65);
insert into compras_17_2 (compra_id, producto_id, cantidad_comprada, fecha_compra, costo_total) values (20, 149, 167, '2024-01-05', 574.41);
insert into compras_17_2 (compra_id, producto_id, cantidad_comprada, fecha_compra, costo_total) values (21, 114, 25, '2024-07-31', 5871.56);
insert into compras_17_2 (compra_id, producto_id, cantidad_comprada, fecha_compra, costo_total) values (22, 199, 179, '2023-02-25', 4442.18);
insert into compras_17_2 (compra_id, producto_id, cantidad_comprada, fecha_compra, costo_total) values (23, 139, 32, '2023-03-03', 544.02);
insert into compras_17_2 (compra_id, producto_id, cantidad_comprada, fecha_compra, costo_total) values (24, 86, 43, '2024-04-08', 7710.3);
insert into compras_17_2 (compra_id, producto_id, cantidad_comprada, fecha_compra, costo_total) values (25, 79, 38, '2023-11-28', 1836.77);
insert into compras_17_2 (compra_id, producto_id, cantidad_comprada, fecha_compra, costo_total) values (26, 80, 149, '2023-11-22', 2140.39);
insert into compras_17_2 (compra_id, producto_id, cantidad_comprada, fecha_compra, costo_total) values (27, 104, 120, '2023-09-25', 5809.92);
insert into compras_17_2 (compra_id, producto_id, cantidad_comprada, fecha_compra, costo_total) values (28, 46, 54, '2024-02-15', 3171.86);
insert into compras_17_2 (compra_id, producto_id, cantidad_comprada, fecha_compra, costo_total) values (29, 151, 183, '2022-12-23', 4520.84);
insert into compras_17_2 (compra_id, producto_id, cantidad_comprada, fecha_compra, costo_total) values (30, 145, 41, '2024-04-24', 1420.19);
insert into compras_17_2 (compra_id, producto_id, cantidad_comprada, fecha_compra, costo_total) values (31, 167, 153, '2024-05-17', 4951.53);
insert into compras_17_2 (compra_id, producto_id, cantidad_comprada, fecha_compra, costo_total) values (32, 19, 192, '2023-01-23', 9042.73);
insert into compras_17_2 (compra_id, producto_id, cantidad_comprada, fecha_compra, costo_total) values (33, 64, 115, '2023-08-14', 8309.58);
insert into compras_17_2 (compra_id, producto_id, cantidad_comprada, fecha_compra, costo_total) values (34, 145, 182, '2024-03-01', 3138.92);
insert into compras_17_2 (compra_id, producto_id, cantidad_comprada, fecha_compra, costo_total) values (35, 13, 121, '2024-07-19', 225.03);
insert into compras_17_2 (compra_id, producto_id, cantidad_comprada, fecha_compra, costo_total) values (36, 188, 130, '2023-04-22', 1750.57);
insert into compras_17_2 (compra_id, producto_id, cantidad_comprada, fecha_compra, costo_total) values (37, 108, 165, '2024-03-15', 4487.76);
insert into compras_17_2 (compra_id, producto_id, cantidad_comprada, fecha_compra, costo_total) values (38, 160, 172, '2022-10-14', 7947.95);
insert into compras_17_2 (compra_id, producto_id, cantidad_comprada, fecha_compra, costo_total) values (39, 40, 81, '2022-11-05', 6326.7);
insert into compras_17_2 (compra_id, producto_id, cantidad_comprada, fecha_compra, costo_total) values (40, 181, 29, '2024-07-23', 2177.92);
insert into compras_17_2 (compra_id, producto_id, cantidad_comprada, fecha_compra, costo_total) values (41, 134, 162, '2023-04-07', 8503.31);
insert into compras_17_2 (compra_id, producto_id, cantidad_comprada, fecha_compra, costo_total) values (42, 125, 135, '2023-03-27', 6364.71);
insert into compras_17_2 (compra_id, producto_id, cantidad_comprada, fecha_compra, costo_total) values (43, 85, 87, '2023-10-15', 5015.25);
insert into compras_17_2 (compra_id, producto_id, cantidad_comprada, fecha_compra, costo_total) values (44, 153, 2, '2022-11-04', 6849.44);
insert into compras_17_2 (compra_id, producto_id, cantidad_comprada, fecha_compra, costo_total) values (45, 47, 34, '2024-03-02', 2236.26);
insert into compras_17_2 (compra_id, producto_id, cantidad_comprada, fecha_compra, costo_total) values (46, 82, 99, '2024-09-08', 1270.07);
insert into compras_17_2 (compra_id, producto_id, cantidad_comprada, fecha_compra, costo_total) values (47, 149, 49, '2022-12-12', 2118.98);
insert into compras_17_2 (compra_id, producto_id, cantidad_comprada, fecha_compra, costo_total) values (48, 146, 184, '2024-07-29', 7167.93);
insert into compras_17_2 (compra_id, producto_id, cantidad_comprada, fecha_compra, costo_total) values (49, 104, 126, '2022-12-06', 460.28);
insert into compras_17_2 (compra_id, producto_id, cantidad_comprada, fecha_compra, costo_total) values (50, 68, 78, '2024-04-12', 8137.97);
insert into compras_17_2 (compra_id, producto_id, cantidad_comprada, fecha_compra, costo_total) values (51, 51, 24, '2023-12-31', 2965.74);
insert into compras_17_2 (compra_id, producto_id, cantidad_comprada, fecha_compra, costo_total) values (52, 126, 170, '2023-11-02', 334.8);
insert into compras_17_2 (compra_id, producto_id, cantidad_comprada, fecha_compra, costo_total) values (53, 70, 16, '2023-04-19', 8744.07);
insert into compras_17_2 (compra_id, producto_id, cantidad_comprada, fecha_compra, costo_total) values (54, 86, 186, '2023-01-25', 866.91);
insert into compras_17_2 (compra_id, producto_id, cantidad_comprada, fecha_compra, costo_total) values (55, 12, 63, '2024-03-29', 9112.99);
insert into compras_17_2 (compra_id, producto_id, cantidad_comprada, fecha_compra, costo_total) values (56, 183, 21, '2022-12-02', 1862.21);
insert into compras_17_2 (compra_id, producto_id, cantidad_comprada, fecha_compra, costo_total) values (57, 139, 54, '2023-01-17', 1691.23);
insert into compras_17_2 (compra_id, producto_id, cantidad_comprada, fecha_compra, costo_total) values (58, 23, 20, '2023-01-29', 2751.45);
insert into compras_17_2 (compra_id, producto_id, cantidad_comprada, fecha_compra, costo_total) values (59, 11, 9, '2023-06-10', 3688.78);
insert into compras_17_2 (compra_id, producto_id, cantidad_comprada, fecha_compra, costo_total) values (60, 122, 141, '2024-03-10', 3805.66);
insert into compras_17_2 (compra_id, producto_id, cantidad_comprada, fecha_compra, costo_total) values (61, 97, 122, '2023-11-29', 5332.33);
insert into compras_17_2 (compra_id, producto_id, cantidad_comprada, fecha_compra, costo_total) values (62, 86, 44, '2022-10-11', 7216.77);
insert into compras_17_2 (compra_id, producto_id, cantidad_comprada, fecha_compra, costo_total) values (63, 43, 71, '2023-10-16', 6673.22);
insert into compras_17_2 (compra_id, producto_id, cantidad_comprada, fecha_compra, costo_total) values (64, 62, 4, '2022-11-12', 7710.32);
insert into compras_17_2 (compra_id, producto_id, cantidad_comprada, fecha_compra, costo_total) values (65, 101, 163, '2024-01-30', 4264.05);
insert into compras_17_2 (compra_id, producto_id, cantidad_comprada, fecha_compra, costo_total) values (66, 108, 76, '2023-12-22', 970.41);
insert into compras_17_2 (compra_id, producto_id, cantidad_comprada, fecha_compra, costo_total) values (67, 31, 173, '2023-05-06', 2548.65);
insert into compras_17_2 (compra_id, producto_id, cantidad_comprada, fecha_compra, costo_total) values (68, 85, 199, '2023-10-31', 2426.89);
insert into compras_17_2 (compra_id, producto_id, cantidad_comprada, fecha_compra, costo_total) values (69, 175, 31, '2023-07-02', 968.15);
insert into compras_17_2 (compra_id, producto_id, cantidad_comprada, fecha_compra, costo_total) values (70, 50, 25, '2023-01-08', 4435.54);
insert into compras_17_2 (compra_id, producto_id, cantidad_comprada, fecha_compra, costo_total) values (71, 150, 143, '2022-10-25', 7866.85);
insert into compras_17_2 (compra_id, producto_id, cantidad_comprada, fecha_compra, costo_total) values (72, 164, 106, '2023-03-01', 2948.69);
insert into compras_17_2 (compra_id, producto_id, cantidad_comprada, fecha_compra, costo_total) values (73, 178, 26, '2023-08-21', 5381.91);
insert into compras_17_2 (compra_id, producto_id, cantidad_comprada, fecha_compra, costo_total) values (74, 57, 82, '2023-08-02', 7268.08);
insert into compras_17_2 (compra_id, producto_id, cantidad_comprada, fecha_compra, costo_total) values (75, 13, 152, '2024-07-23', 4645.64);
insert into compras_17_2 (compra_id, producto_id, cantidad_comprada, fecha_compra, costo_total) values (76, 163, 191, '2023-10-19', 8216.97);
insert into compras_17_2 (compra_id, producto_id, cantidad_comprada, fecha_compra, costo_total) values (77, 92, 27, '2023-01-03', 310.32);
insert into compras_17_2 (compra_id, producto_id, cantidad_comprada, fecha_compra, costo_total) values (78, 27, 99, '2023-01-05', 8598.19);
insert into compras_17_2 (compra_id, producto_id, cantidad_comprada, fecha_compra, costo_total) values (79, 21, 169, '2023-08-07', 5766.12);
insert into compras_17_2 (compra_id, producto_id, cantidad_comprada, fecha_compra, costo_total) values (80, 25, 109, '2023-02-06', 7111.48);
insert into compras_17_2 (compra_id, producto_id, cantidad_comprada, fecha_compra, costo_total) values (81, 156, 93, '2023-03-17', 6448.33);
insert into compras_17_2 (compra_id, producto_id, cantidad_comprada, fecha_compra, costo_total) values (82, 115, 114, '2024-06-19', 5826.09);
insert into compras_17_2 (compra_id, producto_id, cantidad_comprada, fecha_compra, costo_total) values (83, 104, 172, '2024-03-27', 1691.53);
insert into compras_17_2 (compra_id, producto_id, cantidad_comprada, fecha_compra, costo_total) values (84, 76, 31, '2024-05-06', 7164.29);
insert into compras_17_2 (compra_id, producto_id, cantidad_comprada, fecha_compra, costo_total) values (85, 199, 185, '2024-01-07', 8984.31);
insert into compras_17_2 (compra_id, producto_id, cantidad_comprada, fecha_compra, costo_total) values (86, 191, 174, '2024-05-22', 6188.76);
insert into compras_17_2 (compra_id, producto_id, cantidad_comprada, fecha_compra, costo_total) values (87, 88, 39, '2023-10-18', 887.48);
insert into compras_17_2 (compra_id, producto_id, cantidad_comprada, fecha_compra, costo_total) values (88, 129, 150, '2023-10-31', 6990.35);
insert into compras_17_2 (compra_id, producto_id, cantidad_comprada, fecha_compra, costo_total) values (89, 100, 91, '2022-11-08', 7816.45);
insert into compras_17_2 (compra_id, producto_id, cantidad_comprada, fecha_compra, costo_total) values (90, 25, 88, '2023-11-27', 332.0);
insert into compras_17_2 (compra_id, producto_id, cantidad_comprada, fecha_compra, costo_total) values (91, 198, 168, '2023-12-10', 4294.77);
insert into compras_17_2 (compra_id, producto_id, cantidad_comprada, fecha_compra, costo_total) values (92, 191, 91, '2023-02-12', 8861.01);
insert into compras_17_2 (compra_id, producto_id, cantidad_comprada, fecha_compra, costo_total) values (93, 181, 82, '2024-03-03', 2407.53);
insert into compras_17_2 (compra_id, producto_id, cantidad_comprada, fecha_compra, costo_total) values (94, 33, 19, '2024-08-26', 5262.88);
insert into compras_17_2 (compra_id, producto_id, cantidad_comprada, fecha_compra, costo_total) values (95, 125, 66, '2023-03-03', 3516.99);
insert into compras_17_2 (compra_id, producto_id, cantidad_comprada, fecha_compra, costo_total) values (96, 7, 72, '2024-09-11', 4290.26);
insert into compras_17_2 (compra_id, producto_id, cantidad_comprada, fecha_compra, costo_total) values (97, 65, 198, '2024-06-25', 908.14);
insert into compras_17_2 (compra_id, producto_id, cantidad_comprada, fecha_compra, costo_total) values (98, 164, 87, '2023-03-15', 3745.56);
insert into compras_17_2 (compra_id, producto_id, cantidad_comprada, fecha_compra, costo_total) values (99, 109, 94, '2023-12-11', 3827.2);
insert into compras_17_2 (compra_id, producto_id, cantidad_comprada, fecha_compra, costo_total) values (100, 62, 107, '2023-11-09', 8929.21);
insert into compras_17_2 (compra_id, producto_id, cantidad_comprada, fecha_compra, costo_total) values (101, 73, 143, '2023-01-10', 1461.09);
insert into compras_17_2 (compra_id, producto_id, cantidad_comprada, fecha_compra, costo_total) values (102, 196, 177, '2023-03-01', 3252.41);
insert into compras_17_2 (compra_id, producto_id, cantidad_comprada, fecha_compra, costo_total) values (103, 129, 68, '2024-02-27', 3329.88);
insert into compras_17_2 (compra_id, producto_id, cantidad_comprada, fecha_compra, costo_total) values (104, 170, 157, '2023-07-11', 6801.12);
insert into compras_17_2 (compra_id, producto_id, cantidad_comprada, fecha_compra, costo_total) values (105, 27, 93, '2023-07-21', 4912.63);
insert into compras_17_2 (compra_id, producto_id, cantidad_comprada, fecha_compra, costo_total) values (106, 86, 17, '2023-09-01', 9767.94);
insert into compras_17_2 (compra_id, producto_id, cantidad_comprada, fecha_compra, costo_total) values (107, 2, 191, '2022-10-10', 9613.34);
insert into compras_17_2 (compra_id, producto_id, cantidad_comprada, fecha_compra, costo_total) values (108, 36, 60, '2024-04-09', 2685.85);
insert into compras_17_2 (compra_id, producto_id, cantidad_comprada, fecha_compra, costo_total) values (109, 38, 46, '2024-05-25', 5690.54);
insert into compras_17_2 (compra_id, producto_id, cantidad_comprada, fecha_compra, costo_total) values (110, 131, 193, '2024-06-13', 5299.29);
insert into compras_17_2 (compra_id, producto_id, cantidad_comprada, fecha_compra, costo_total) values (111, 195, 118, '2023-11-07', 3523.4);
insert into compras_17_2 (compra_id, producto_id, cantidad_comprada, fecha_compra, costo_total) values (112, 42, 44, '2024-06-26', 7303.48);
insert into compras_17_2 (compra_id, producto_id, cantidad_comprada, fecha_compra, costo_total) values (113, 53, 158, '2022-12-22', 3714.44);
insert into compras_17_2 (compra_id, producto_id, cantidad_comprada, fecha_compra, costo_total) values (114, 118, 156, '2023-05-15', 3627.04);
insert into compras_17_2 (compra_id, producto_id, cantidad_comprada, fecha_compra, costo_total) values (115, 107, 152, '2023-02-07', 6697.59);
insert into compras_17_2 (compra_id, producto_id, cantidad_comprada, fecha_compra, costo_total) values (116, 162, 169, '2024-06-30', 6793.72);
insert into compras_17_2 (compra_id, producto_id, cantidad_comprada, fecha_compra, costo_total) values (117, 89, 197, '2023-12-19', 5951.61);
insert into compras_17_2 (compra_id, producto_id, cantidad_comprada, fecha_compra, costo_total) values (118, 75, 157, '2023-03-12', 7209.87);
insert into compras_17_2 (compra_id, producto_id, cantidad_comprada, fecha_compra, costo_total) values (119, 78, 46, '2024-04-17', 5787.85);
insert into compras_17_2 (compra_id, producto_id, cantidad_comprada, fecha_compra, costo_total) values (120, 78, 123, '2023-09-18', 7619.95);
insert into compras_17_2 (compra_id, producto_id, cantidad_comprada, fecha_compra, costo_total) values (121, 153, 186, '2022-10-18', 4678.81);
insert into compras_17_2 (compra_id, producto_id, cantidad_comprada, fecha_compra, costo_total) values (122, 108, 104, '2024-05-24', 1538.86);
insert into compras_17_2 (compra_id, producto_id, cantidad_comprada, fecha_compra, costo_total) values (123, 144, 36, '2023-12-31', 6159.11);
insert into compras_17_2 (compra_id, producto_id, cantidad_comprada, fecha_compra, costo_total) values (124, 38, 121, '2024-06-23', 4197.09);
insert into compras_17_2 (compra_id, producto_id, cantidad_comprada, fecha_compra, costo_total) values (125, 190, 25, '2024-06-19', 740.09);
insert into compras_17_2 (compra_id, producto_id, cantidad_comprada, fecha_compra, costo_total) values (126, 167, 43, '2023-12-06', 8752.58);
insert into compras_17_2 (compra_id, producto_id, cantidad_comprada, fecha_compra, costo_total) values (127, 133, 146, '2023-09-10', 8116.15);
insert into compras_17_2 (compra_id, producto_id, cantidad_comprada, fecha_compra, costo_total) values (128, 100, 52, '2023-10-30', 1714.92);
insert into compras_17_2 (compra_id, producto_id, cantidad_comprada, fecha_compra, costo_total) values (129, 9, 180, '2023-12-04', 7444.44);
insert into compras_17_2 (compra_id, producto_id, cantidad_comprada, fecha_compra, costo_total) values (130, 64, 88, '2023-01-28', 6607.84);
insert into compras_17_2 (compra_id, producto_id, cantidad_comprada, fecha_compra, costo_total) values (131, 55, 100, '2023-02-16', 4010.3);
insert into compras_17_2 (compra_id, producto_id, cantidad_comprada, fecha_compra, costo_total) values (132, 122, 125, '2024-04-21', 5262.3);
insert into compras_17_2 (compra_id, producto_id, cantidad_comprada, fecha_compra, costo_total) values (133, 158, 66, '2024-07-29', 9725.02);
insert into compras_17_2 (compra_id, producto_id, cantidad_comprada, fecha_compra, costo_total) values (134, 24, 166, '2024-03-14', 4014.69);
insert into compras_17_2 (compra_id, producto_id, cantidad_comprada, fecha_compra, costo_total) values (135, 4, 138, '2022-12-07', 4040.45);
insert into compras_17_2 (compra_id, producto_id, cantidad_comprada, fecha_compra, costo_total) values (136, 62, 156, '2023-11-02', 2413.11);
insert into compras_17_2 (compra_id, producto_id, cantidad_comprada, fecha_compra, costo_total) values (137, 176, 106, '2024-06-20', 3717.7);
insert into compras_17_2 (compra_id, producto_id, cantidad_comprada, fecha_compra, costo_total) values (138, 6, 190, '2022-11-11', 8157.48);
insert into compras_17_2 (compra_id, producto_id, cantidad_comprada, fecha_compra, costo_total) values (139, 134, 147, '2023-04-10', 2100.23);
insert into compras_17_2 (compra_id, producto_id, cantidad_comprada, fecha_compra, costo_total) values (140, 136, 69, '2024-04-06', 2336.35);
insert into compras_17_2 (compra_id, producto_id, cantidad_comprada, fecha_compra, costo_total) values (141, 159, 111, '2024-02-20', 1035.25);
insert into compras_17_2 (compra_id, producto_id, cantidad_comprada, fecha_compra, costo_total) values (142, 98, 55, '2023-01-30', 7074.12);
insert into compras_17_2 (compra_id, producto_id, cantidad_comprada, fecha_compra, costo_total) values (143, 128, 149, '2024-01-11', 3546.48);
insert into compras_17_2 (compra_id, producto_id, cantidad_comprada, fecha_compra, costo_total) values (144, 119, 130, '2022-11-28', 899.37);
insert into compras_17_2 (compra_id, producto_id, cantidad_comprada, fecha_compra, costo_total) values (145, 38, 170, '2022-12-16', 236.29);
insert into compras_17_2 (compra_id, producto_id, cantidad_comprada, fecha_compra, costo_total) values (146, 149, 42, '2023-12-28', 7758.58);
insert into compras_17_2 (compra_id, producto_id, cantidad_comprada, fecha_compra, costo_total) values (147, 184, 28, '2023-09-09', 1042.3);
insert into compras_17_2 (compra_id, producto_id, cantidad_comprada, fecha_compra, costo_total) values (148, 116, 28, '2024-02-24', 6140.11);
insert into compras_17_2 (compra_id, producto_id, cantidad_comprada, fecha_compra, costo_total) values (149, 20, 197, '2024-01-16', 6308.26);
insert into compras_17_2 (compra_id, producto_id, cantidad_comprada, fecha_compra, costo_total) values (150, 27, 118, '2023-07-27', 8014.38);
insert into compras_17_2 (compra_id, producto_id, cantidad_comprada, fecha_compra, costo_total) values (151, 133, 25, '2024-02-08', 5207.28);
insert into compras_17_2 (compra_id, producto_id, cantidad_comprada, fecha_compra, costo_total) values (152, 87, 131, '2022-12-24', 2710.73);
insert into compras_17_2 (compra_id, producto_id, cantidad_comprada, fecha_compra, costo_total) values (153, 60, 38, '2024-07-22', 6500.8);
insert into compras_17_2 (compra_id, producto_id, cantidad_comprada, fecha_compra, costo_total) values (154, 31, 113, '2024-01-20', 6967.2);
insert into compras_17_2 (compra_id, producto_id, cantidad_comprada, fecha_compra, costo_total) values (155, 123, 10, '2023-06-16', 5128.06);
insert into compras_17_2 (compra_id, producto_id, cantidad_comprada, fecha_compra, costo_total) values (156, 35, 181, '2023-11-15', 2400.59);
insert into compras_17_2 (compra_id, producto_id, cantidad_comprada, fecha_compra, costo_total) values (157, 78, 102, '2023-03-20', 7877.05);
insert into compras_17_2 (compra_id, producto_id, cantidad_comprada, fecha_compra, costo_total) values (158, 75, 169, '2024-06-09', 5782.56);
insert into compras_17_2 (compra_id, producto_id, cantidad_comprada, fecha_compra, costo_total) values (159, 79, 178, '2023-09-08', 1917.66);
insert into compras_17_2 (compra_id, producto_id, cantidad_comprada, fecha_compra, costo_total) values (160, 56, 44, '2023-03-23', 7552.41);
insert into compras_17_2 (compra_id, producto_id, cantidad_comprada, fecha_compra, costo_total) values (161, 146, 94, '2023-03-27', 2344.18);
insert into compras_17_2 (compra_id, producto_id, cantidad_comprada, fecha_compra, costo_total) values (162, 161, 14, '2023-10-08', 4950.26);
insert into compras_17_2 (compra_id, producto_id, cantidad_comprada, fecha_compra, costo_total) values (163, 173, 3, '2023-08-14', 8074.7);
insert into compras_17_2 (compra_id, producto_id, cantidad_comprada, fecha_compra, costo_total) values (164, 101, 114, '2023-03-25', 6438.6);
insert into compras_17_2 (compra_id, producto_id, cantidad_comprada, fecha_compra, costo_total) values (165, 58, 196, '2022-12-01', 2026.39);
insert into compras_17_2 (compra_id, producto_id, cantidad_comprada, fecha_compra, costo_total) values (166, 37, 180, '2023-06-13', 4304.25);
insert into compras_17_2 (compra_id, producto_id, cantidad_comprada, fecha_compra, costo_total) values (167, 36, 168, '2022-10-16', 182.92);
insert into compras_17_2 (compra_id, producto_id, cantidad_comprada, fecha_compra, costo_total) values (168, 161, 44, '2022-11-15', 2237.44);
insert into compras_17_2 (compra_id, producto_id, cantidad_comprada, fecha_compra, costo_total) values (169, 181, 138, '2023-01-05', 704.15);
insert into compras_17_2 (compra_id, producto_id, cantidad_comprada, fecha_compra, costo_total) values (170, 25, 53, '2023-02-04', 6646.3);
insert into compras_17_2 (compra_id, producto_id, cantidad_comprada, fecha_compra, costo_total) values (171, 102, 176, '2023-12-12', 3071.02);
insert into compras_17_2 (compra_id, producto_id, cantidad_comprada, fecha_compra, costo_total) values (172, 13, 44, '2024-07-27', 2385.77);
insert into compras_17_2 (compra_id, producto_id, cantidad_comprada, fecha_compra, costo_total) values (173, 83, 71, '2023-05-20', 8313.86);
insert into compras_17_2 (compra_id, producto_id, cantidad_comprada, fecha_compra, costo_total) values (174, 136, 32, '2024-01-20', 6288.78);
insert into compras_17_2 (compra_id, producto_id, cantidad_comprada, fecha_compra, costo_total) values (175, 173, 44, '2022-12-19', 9042.87);
insert into compras_17_2 (compra_id, producto_id, cantidad_comprada, fecha_compra, costo_total) values (176, 130, 66, '2022-11-08', 5490.25);
insert into compras_17_2 (compra_id, producto_id, cantidad_comprada, fecha_compra, costo_total) values (177, 36, 196, '2023-07-27', 3079.86);
insert into compras_17_2 (compra_id, producto_id, cantidad_comprada, fecha_compra, costo_total) values (178, 39, 29, '2022-11-14', 8069.93);
insert into compras_17_2 (compra_id, producto_id, cantidad_comprada, fecha_compra, costo_total) values (179, 146, 131, '2023-01-31', 3863.86);
insert into compras_17_2 (compra_id, producto_id, cantidad_comprada, fecha_compra, costo_total) values (180, 27, 191, '2023-08-18', 5686.11);
insert into compras_17_2 (compra_id, producto_id, cantidad_comprada, fecha_compra, costo_total) values (181, 155, 157, '2023-03-05', 8867.89);
insert into compras_17_2 (compra_id, producto_id, cantidad_comprada, fecha_compra, costo_total) values (182, 165, 156, '2024-06-22', 8795.91);
insert into compras_17_2 (compra_id, producto_id, cantidad_comprada, fecha_compra, costo_total) values (183, 178, 24, '2023-02-01', 8943.6);
insert into compras_17_2 (compra_id, producto_id, cantidad_comprada, fecha_compra, costo_total) values (184, 86, 107, '2022-11-09', 2173.19);
insert into compras_17_2 (compra_id, producto_id, cantidad_comprada, fecha_compra, costo_total) values (185, 40, 20, '2023-06-22', 9046.24);
insert into compras_17_2 (compra_id, producto_id, cantidad_comprada, fecha_compra, costo_total) values (186, 103, 193, '2023-11-19', 5149.29);
insert into compras_17_2 (compra_id, producto_id, cantidad_comprada, fecha_compra, costo_total) values (187, 49, 150, '2023-12-08', 7534.84);
insert into compras_17_2 (compra_id, producto_id, cantidad_comprada, fecha_compra, costo_total) values (188, 36, 105, '2023-02-01', 534.57);
insert into compras_17_2 (compra_id, producto_id, cantidad_comprada, fecha_compra, costo_total) values (189, 68, 132, '2024-01-15', 3744.45);
insert into compras_17_2 (compra_id, producto_id, cantidad_comprada, fecha_compra, costo_total) values (190, 150, 185, '2024-07-05', 4455.89);
insert into compras_17_2 (compra_id, producto_id, cantidad_comprada, fecha_compra, costo_total) values (191, 37, 123, '2023-04-05', 7739.26);
insert into compras_17_2 (compra_id, producto_id, cantidad_comprada, fecha_compra, costo_total) values (192, 20, 89, '2023-03-30', 2903.3);
insert into compras_17_2 (compra_id, producto_id, cantidad_comprada, fecha_compra, costo_total) values (193, 193, 152, '2023-08-12', 5843.09);
insert into compras_17_2 (compra_id, producto_id, cantidad_comprada, fecha_compra, costo_total) values (194, 45, 34, '2024-07-11', 6606.28);
insert into compras_17_2 (compra_id, producto_id, cantidad_comprada, fecha_compra, costo_total) values (195, 24, 84, '2024-07-02', 1881.03);
insert into compras_17_2 (compra_id, producto_id, cantidad_comprada, fecha_compra, costo_total) values (196, 182, 41, '2023-02-06', 4977.13);
insert into compras_17_2 (compra_id, producto_id, cantidad_comprada, fecha_compra, costo_total) values (197, 90, 96, '2022-10-06', 1900.06);
insert into compras_17_2 (compra_id, producto_id, cantidad_comprada, fecha_compra, costo_total) values (198, 120, 152, '2024-02-04', 8446.9);
insert into compras_17_2 (compra_id, producto_id, cantidad_comprada, fecha_compra, costo_total) values (199, 58, 165, '2022-10-08', 7058.23);
insert into compras_17_2 (compra_id, producto_id, cantidad_comprada, fecha_compra, costo_total) values (200, 10, 115, '2024-06-21', 2519.31);
